author,text,like_count,published_at
@Rarez0811,Lumayan ada temen nyuci baju☺,321,2026-03-27T10:01:52Z
@KaspulAnwar-g9f,"Budaya kerja China ini aku melihat banyak di Adopsi oleh Perusahaan asal China yg ada di Indonesia.
Jam kerja panjang tapi gaji Murah.
Kelak mereka sendiri yang akan hancur karna Zolim",0,2026-04-09T02:12:57Z
@dendjaka7203,"Pekerja konveksi di kabupaten Pekalongan cm senyum doang sama 996.
Orang penjahit make 8116 😅",0,2026-04-08T15:43:10Z
@queen-ff8sk,"gue sumpahin jadi taik anjing yg bilang males, kalo bayarannya gede sih ga masalah. ini buat makan aja kurang.",0,2026-04-08T10:23:55Z
@Abdurrohman44_,11:56 hidupp!!!😂,2,2026-04-08T08:30:04Z
@hwehehe,gw fresh graduate belom ada pengalaman kerja tau tau kerja di negara orang sehari 11 jam auto tepar bjirlah😅,0,2026-04-08T04:42:25Z
@vanart2383,"Agak geli waktu dgr jack ma bilang kalo ga 996 ga bisa jadi orng sukses 😂
Satu² nya yg sukses di sistem itu ya bos² seperti dia tapi tidak untuk pekerjanya, karna para pekerjanya akan ttp jadi budak pekerja sampai akhir 😂😂",0,2026-04-07T10:21:43Z
@porenges2,"kerja keras hasil sebanding sih oke, tp kalo ga seberapa apalagi ga dibayar sih itu zholim, 
emang kehidupan cuma untuk kerja",0,2026-04-07T04:37:41Z
@grizkydaulay402,Gua yang kerja dari jam 6 pagi Ampe jam 10 malam GK ada libur nya😢😢😢,0,2026-04-07T03:56:00Z
@sedikitbelajar90,"Gen Z akan menyelamatkan dunia dari budaya lembur, Hidup Gen Z!!",1,2026-04-07T03:35:16Z
@Irawan-i22w,"Memang benar apa yg dikatakan oleh jack ma,""kita gak akan bisa sukses kalau gak ngorbanin waktu dan tenaka ekstra"" tapi realitanya,berapa persen sih karyawan sg bisa semelejit atau bisa merubah hidup mereka kalau apa yg beliao katakan itu dilakukan,misal ada yg bisapun saya yakin dia masih ada backingan yg cukup oke
jadi mohon bijaklah pemimpin perusahaan,dalam menerapkan jam kerja,saya juga tidak mempungkiri misal pemimpin usaha pasti ingin hasil lebih,bahkan mungkin say juga bisa jadi seperti mereka,tapi mohon dipikirkan pekernya juga",0,2026-04-06T05:40:23Z
@mhrooney9638,gua difnb kerja 12 jam . cuma gajih 2.5,0,2026-04-06T01:29:03Z
@rizaalfisahrin1205,"Gak kebayang kalau orang China tahu Marapthon, 24 jam full live streaming real life dapet duit dari monetisasi YouTube melebihi 996 😂😂😂😂",0,2026-04-05T23:49:47Z
@NurulArfahFauziah,"Di indo juga gitu bang, gak sesuai sama kontrak kerja. Saya mulai kerja jam 7.15, seharusnya selesai jam 17.00 tapi kenyataannya selalu pulang jam 19.00 keatas. Kalau akhir bulan selalu pulang tengah malem jam 00.00, belum lagi sabtu pasti lembur dan minggu kadang lembur juga. Gila juga gak?",0,2026-04-05T23:11:30Z
@nikoaryanto9580,Yg mendukung 996 yg taipannya wqwqwq,0,2026-04-05T21:28:02Z
@sinagaistargaryen74,"Yang jadi main factor nya balik lagi ke ideologi komunismenya, semua aset itu milik negara, rakyat jadi alat  labour jadi buruh, mereka diajarkan paksa dari kecil untuk bekerja buat negara bukan buat keuntungan diri sendiri makanya, sistem sistem kerja kayak gitu lu bisa labelin langsung sistem kerja komunis apalagi perusahaannya sendiri yang langgar aturan tenaga kerjanya, apalagi di indonesia, gua udh punya banyak pengalaman kerja di chinese owning class company, yang dimana ya pola bentuk sistem kerjanya sama cari keuntungan sebanyak banyaknya dengan pengeluaran sekecil kecilnya, mereka itu ngejajah indonesia dengan manfaatin buruh indonesia jadi figur cheap-labour itulah kenapa banyak investor cina invest di indo",0,2026-04-05T18:52:42Z
@arnoldd5426,Tempat kerjaku 8-8-7 😖,0,2026-04-05T16:14:10Z
@azr1lboc1l31,ada satu perusahaan di china yang berlawanan sama 996 ini namanya pang dong lai,0,2026-04-05T13:36:04Z
@mysterio5392,"Budaya menjilat tp krn semua menjilat jd ga ad yg dpt hasil lbh

Ato kemungkinan lainnya adalah bos ga mau rugi jd dibuat seolah kulture😂😂😂😂",0,2026-04-05T10:17:32Z
@aurickvelary8560,admin judi cambodia apa itu 996.,0,2026-04-05T06:07:48Z
@thexerxest,pp,0,2026-04-05T05:53:52Z
@canra245,"Jangankan 996 bang koi, saya kerjanya bisa dibilang 24jam(meskipun gak nonstop tapi harus selalu stand by), selama seminggu full dan ngga ada libur. Pulang ke rumah pun cuma 6 bulan sekali dan itupun cuma sehari. Mana bosnya rasa villain lagi 😢",0,2026-04-05T05:32:19Z
@Fiqritansa,"Di Indonesia Morowali Industrial Park(IMIP) Sulawesi Tengah kebanyakan juga kerja 12 jam sehari, bahkan kadang tidak ambil libur pada hari minggu, jadinya 887 atau 777 yang notabene Investor hilirisasinya dari China, biasa saja.",1,2026-04-05T04:03:47Z
@bagasyulianto6052,"pekerja cuma alat dimata para petinggi di industri apalagi soal asia timur, jam sekolahnya aja ga manusiawi apalagi dunia kerja lebih gila lagi buat lu yg cuma karyawan biasa btw kalo kata gua mah gausah glazing asia timur mereka juga ada permasalahan tersendiri, keindahan yang lu liat itu cuma di sosmed nyatanya ga seindah itu",0,2026-04-05T02:43:53Z
@10FUNFACT,"ngapain jauh"" ke china..  di jatim banyak... di kota saya lumajang... banyak PT jam kerja dari 7 sampai jam 7.. 6 hari... kerja sift malam dan siang.. libur seperti 2 minggu sekali... tanggal merah pun masuk.. nyicil buat libur hari raya.. hari raya cuma libur 2 hari.. biar libur sampai hari raya 7.. 5 hatinya nyicil tiap tanggal merah...
lebih dari pembudakan di china",0,2026-04-05T01:35:47Z
@raymondfabrianto1528,"996 kalau misalnya dilakukan dengan adil itu sangat membantu karena sesuai dengan apa yang mereka korbankan, tapi kalau tidak dibayar sih konyol itu perusahaannya, sama aja seperti memeras tenaga orang yang ada. Tapi kalau menghasilkan, pasti ada kesenangan juga dr pihak pekerjanya.",0,2026-04-05T01:02:46Z
@ahmadripa-l7t,"GUA YANG KERJA 14 JAM PERHARI LIBUR SEBULAN SEKALI, DENGAN UPAH 100 RIBU/HARI TERNYATA TERMASUK KEBANGETAN BNGT YA, KALO DI HITUNG TOTAL JAM KERJA DI POTONG 1 BULAN LIBUR SEHARI, NYAMPE 96 JAM PER MINGGU, DAN INI LUMRAH TERJADI DI INDONESIA, MIRIS NYA LEBIH FOKUS BAHAS NEGARA LAIN PADAHAL LEBIH SADIS DI NEGRI SENDIRI,, SUEEE",1,2026-04-04T23:30:24Z
@herususanto1865,Tidak ada linier atau korelasinya antara kerja dengan jumlah jam yg sangat panjang dengan kesejahteraan. Yg benar jam kerja panjang untuk side job yg sersifat non fisik. Sehingga bisa WFA setelah jam WFO. Orang akan lebih merasa tidak tertekan,0,2026-04-04T16:01:26Z
@maulanasyarifhidayat3620,gua gitu bang malah dari jam 6 sampe 9 malam,0,2026-04-04T14:31:12Z
@rizqipermana007,"""KUULIII'nial",0,2026-04-04T10:13:48Z
@S5TANKexe,12:30 iya kalau uang lemburnya sesuai 😅,0,2026-04-04T08:55:25Z
@yuukiakihime454,"sebetulnya selama apapun kerjanya , asal perusahaan ok , lingkungan ok pekerja juga ok , masalahnya kebanyakan gk imbang , antara gaji ataupun lingkungan kerja . btw masih menunggu 19 juta lapangan padelnya",0,2026-04-04T06:47:59Z
@HendraWardana-t9i,"Indonesia lebih keren 887 bahkan 997...China mah kita ketawa ini...Negara Budak..Hidup Indonesia Budak...7 hari full nga ada libur masuk jam 9pagi pulang jam 9malam...gajinya cuman 2,7jt😂😂😂😂Hidup Indonesia...Umum kerja 12 Jam..Cipta Kerja Hidup DPR..pimpinannya siapa sulu😂😂😅mirip Slogannya Warung Madura...kerja terus full tanpa libur kecuali lebaran libur 5 hari/kiamat..atau dirusak Iran mungkin doanya Para bUdak Indonesia...😂😂😂Aamiiiin..biar bisa Liburan..😂😂😂🎉🎉",0,2026-04-04T05:12:59Z
@sitinurulfalahsansuardi2684,Ternyata kerja sama orang cina dan sama orang cina yang buka usaha di negara kita ga beda jauh sama di negara aslinya ya 😂😂 karena pernah ngerasain lelah nya kerja sama mereka dengan aturan yang yaaa gitu deh beserta gajih yang ga sebanding,0,2026-04-04T04:50:58Z
@dzaylandryarky699,"Pantesan asisten2 ceo di short dracin seperti pekerja 24 jam,kpn di hubungi langsung otw

Yg stuju 996 rata2 bos2 doang,jelas aja,mrk g paham beratnya jd karyawan yg bahka kehilangan waktu “makan siang nyantai”",0,2026-04-04T00:59:41Z
@banggrzt,5 tahun terakhir kerja di perusahaan china rata2 licik dengan disnaker TKA dan dianggap harus loyalitas najisss,0,2026-04-03T19:59:19Z
@phazercurator,Already 9 to 5 still get numb,0,2026-04-03T13:17:17Z
@mongbean_6766,Gw gkpp banget kerja lembur2 asal dibayar dengan pantas dan lingkungan kerjanya gak toxic,0,2026-04-03T12:55:09Z
@Wildaaaannnnnnnn,"ternyata se parah"" nya china, indonesia tetep di atas nya soal exploitasi sdm",0,2026-04-03T12:00:18Z
@nellyfarid6558,"klo di tempat ku klo kerjaan tdak selesai bawa pulang kerja di rumah krn lembur pun tetap tidak dibayar, kerja di hari libur jg tidak dibayar.",0,2026-04-03T11:49:02Z
@ibnusahaltikoriyanto3391,Klo 996 gajinya bisa 30 juta - 40 juta gpp dah. Ku gas. 😂😂😂😂,0,2026-04-03T10:25:14Z
@AnisAhmad-g8h,Aku pun kerja di pabrik milik orang China kerja 12 jam x 5hari Sabtu 5jam tapi gaji ga nyampe UMR...,0,2026-04-03T09:48:42Z
@MomoJiwong,"Bwaaanggg saya setiap hari seperti ini bang masuk jam 8 pulang jam 9 malem , satu bulan sebelum puasa malah masuk jam 8 pulang jam 11 malem ( hari Minggu tetap berangkat tapi dari jam 8 sampai jam 5 sore ) libur satu bulan sekali , dan selama puasa malah gak pernah libur , 

Selagi gaji sama jamnya kerjanya di bayar dengan benar gak cuma mau lembur nya aja tapi gaji normal ya , ya gas aja bwaangg selagi badan dan mental kita kuat",0,2026-04-03T09:43:54Z
@dyuft3671,penjaga toko tuh banyak kerja dari jam 9 pagi sampai jam 9 malam gaji maksimal cuman satu setengah juta hhh,0,2026-04-03T06:22:11Z
@BlueSkyMLBB-ce1sh,😢,0,2026-04-03T06:15:56Z
@BlueSkyMLBB-ce1sh,"Di indo juga sama kok,",0,2026-04-03T06:15:47Z
@yusufbachroni5105,Ini emang benar. Saya tahun lalu kerja di perusahaan. Yg memang investor asli dari china. Kerja 12 jam. Mau tanggal merah atau apa tetep gass.,0,2026-04-03T05:17:22Z
@PramestiSagungIstri,884 aja udah cape😭 apalagi 6 hari buset,0,2026-04-03T02:47:17Z
@fresdohariherky4306,Ge kerja 18 jam dulu bang dan gilanya 😂 kek gitu di anggap normal padahal upah lembur cuman 50k apa lagi rumah gw sama tempat kerja nyebrang 2 provinsi pake motor. Setelah 5 bulan gw resign dan ngerasain gila juga itu perusahaan,0,2026-04-03T01:45:15Z
@Bustamamgendut,"Begitulah kerajaan, sering gaslighting rakyat dengan membandingkan jam kerja pekerja dari negara China, Jepang & Korea namun membandingkan hasil kemajuannya dengan negara-negara mundur lainnya.

Lihat saja Eropa barat yang nggak membandingkan usaha & hasil negara lain. Negara Malaysia aja malah menjadi negara Asia Timur sebagai modal kebijakan pemerintahan yang dinamakan sebagai Dasar Pandang Ke Timur yang malah diekploitasi sama para majikan.",0,2026-04-03T00:14:14Z
@prichdutch,Ceo Ke desa malas kerja,0,2026-04-02T22:07:52Z
@AnandaPrayogaKusuma,"Pantes dulu bos cina gw juga gitu, kerja jam 08:00 - 20:30 6 hari seminggu akhirnya gw cuma tahan 2 bulan mana dibawah UMK lagi, untung dapet ganti kerjaan yg lebih manusiawi 9 to 5 dan 5 hari kerja gaji lebih gede lagi 😊",0,2026-04-02T14:29:41Z
@moodboosterchannel3460,Baru tahu dn sudah ngalamin dn skrng efek nya terasa bnget krna pola hidup jdi kacau.. sukses engga setres iya 😢,0,2026-04-02T14:12:49Z
@thepacemaker363,"untung bukan 666,masuk jam 6 pagi,pulang jam 6 sore,dan 6 hari kerja😈",0,2026-04-02T09:51:09Z
@ilhamimazf_,diperbudak industri 🤡,0,2026-04-02T06:57:43Z
@MataluReport,Negara maju nasi juga gitu ya,0,2026-04-02T05:39:22Z
@salinesolutions3033,"anjing efektif apanya orang jadi nolife, bos bos doang yang dapet enaknya",0,2026-04-02T04:17:13Z
@saulgoodboy8,kalo bayaran lembur nya gede mah kenapa tidak,0,2026-04-02T03:56:56Z
@dimaswibowo3612,di MBG 12 jam 6 hari. Luar biasa,0,2026-04-02T03:46:30Z
@alfialkarim3937,yang kaya makin kaya😂,0,2026-04-02T01:03:05Z
@akufu7387,"Saya bgtu di indo, full malam tanpa rolling",0,2026-04-02T00:21:07Z
@dddaa25,"yg ngomong para CEO, ya pasti milih 996 buat karyawan2nya aka budak2nya. perusahaan kalo mau nerapin 996 ya harus gaji 2x lipat lebih lah, wong jumlah jam kerja seminggunya aja udh 2x lipat lebih dari yg seharusnya. ini yg bosnya pd setuju udh pasti jam kerja di perusahaannya red flag 😂😂😂",0,2026-04-02T00:09:23Z
@dwigunarto2091,Jack ma kan sudah jadi bos ya wajar bilang gitu. 😄,0,2026-04-01T23:42:34Z
@AuliasSufi,Di indonesia jg jam kerja kaya gt udh byk bang,0,2026-04-01T23:18:21Z
@GhosttownBigbrother,"Gw kerja di salah satu rumah makan 24 jam di daerah Denpasar Bali 
Kerja 14 jam dengan gaji 2 juta per bulan 
Free uang  makan + rokok",0,2026-04-01T21:55:04Z
@Zephyssss,Nonton sambil berak ngumpul lah sini ngopi,0,2026-04-01T17:20:42Z
@ahmadafrizal40,gw yang lembur sebulan minimal 100 jam dapet. dengan jam kerja minimal 209jam/ bulan normal day😂,0,2026-04-01T14:08:58Z
@Okhariza_Fahriawan,Ya jelas para pemilik perusahaan pro sistem kerja tersebut karena punya kepentingan😂,0,2026-04-01T12:27:41Z
@ufauuch9419,Terlalu kerja keras itu gx baik bikin stress pusing kasihan tubuh harus istirahat gx usah ngikutin negara lain biar lahh Indonesia tersantai aja,0,2026-04-01T12:22:48Z
@MASABSOR,"kalau aku 997😞,udah gaji kecil pula",0,2026-04-01T11:14:14Z
@bambangpramusinto2,Di Indonesia Juga Kebanyakan 996. Banyak Yg Nyari Lembur Dan Cuan Bagi Yang Workaholic Udah Biasa Dan Bukan Hal Yang Aneh. 12 Jam Kerja 1 Hari Libur.,0,2026-04-01T10:16:39Z
@A.M.R.S-001,pdhl kmns,0,2026-04-01T07:51:14Z
@shichibukai85,13:00 gampang ngomong gitu ketika anda sudah diatas belum tentu mereka dulu 996 juga,0,2026-04-01T07:21:19Z
@nixxu3546,"Lembur kadang kali kayak yg Thanos bilang : ""Inevitable"" aka tidak dapat dihindari, cuman yg perlu diperhatikan adalah manajemennya. dan juga kyk yg dibilang di salah satu video ""u ngak mao lakukan, akan ada orang lain yg melakukannya"". 
Kadangkali kita sampe saat ini juga masih belum bisa bedain mana pekerjaaan yang ngak bakalan kelar2 dikerjakan sama mana pekerjaan yang perlu kita kelarkan lebih awal. Alhasil kita mengejar pekerjaan yang tidak kelar2 ini sampe lembur2 ketimbang lembur untuk menyelesaikan pekerjaan yang memang bisa kelarkan lebih awal.
Terakhir peran pemerintah sebenernya udah cukup dengan aturan2 jelas, tapi in the end akan kembali ke perusahaan dan pegawainya, karena transaksi ini adalah inetraksi 2 pihak dengan pemerintah cuman sebagai regulator.

Yg dibilang sama Jack Ma juga bukan tanpa alasan, orang pandai bisa kalah dari orang rajin, karena yg rajin lebih ulet dan kerja keras buat belajar, hanya saja si pekerja keras kalau kelelahan juga kgk bisa apa2. 

Ada batas dan limit masing2 orang, yang bisa menilai yah orang itu sendiri. aturan 8 jam sehari kalo dia masih merasa biasa aja atau kurang perform yah dia berhak mengajukan lebih. tapi kalau dituntut lebih itu lain cerita.",0,2026-04-01T07:06:24Z
@xiaofongchen,"di konoha khususnya bumc, 25/7 malah, mana gajinya ga seberapa",0,2026-04-01T07:04:20Z
@deddyrahmadsurya9072,"kayaknya jakarta aja udah begitu... kerja jam 10 pagi ketemu 10 malam, dan 7 hari seminggu libur 2 hari per bulan, udah mulai banyak...",0,2026-04-01T06:55:28Z
@halalbrooo,"12:23, ya karena mereka yang punya perusahaan, jadi bisa enteng ngomong gitu wkwkwk",0,2026-04-01T06:16:10Z
@halalbrooo,"2:28 ga tau malu? peduli apa gw, langsung balik aja wkwkw",0,2026-04-01T05:56:46Z
@rosijumnasari766,"kalau di praktekin di Indonesia, berkali2 demo terus deh buruhnya. 😂 buruh di kita aja udah UMRnya lumayan gede ( Bekasi, Jabar) masih demo apalagi jam kerjanya begitu. banyak investor yg kabur.",0,2026-04-01T05:44:57Z
@semuaIndah-u3q,Sama disini juga begini pegawai toko jaga dari jam 8 pagi sampai jam 9 malam gaji bawah UMR. 😢,0,2026-04-01T05:04:04Z
@justme_do,Saya setuju 6969,0,2026-04-01T04:26:15Z
@nsofafauzi7676,kalian lembur dibayar?? 💀💀💀,0,2026-04-01T03:59:02Z
@azzamriedwanny3898,G usah jauh2 d cina bang kebanyakan pekerja tambang d negara kt krj 12 jam,0,2026-04-01T03:15:31Z
@kucinghitam6776,"Dulu pernah kerja masuk jam 7 pagi pulang jam 7  malam ,sebulan libur sehari doang, Alhamdulillah tabungan banyak tapi badan hancur rasanya 😢",0,2026-04-01T00:05:13Z
@firmangusti9255,BUMC IS REAL!!,0,2026-03-31T22:51:35Z
@arfahral2829,Sama disini (Morowali) bos cina,0,2026-03-31T22:13:17Z
@umaypratama5357,"13:30 Amerika baru nyemplung, china udah kuyup😂",0,2026-03-31T16:50:17Z
@juanleonardo3342,hidup indonesia 9-10-7 jam 9 kerja jam 10 pulang selama tiap harii gda hari libur kecuali lebaran,0,2026-03-31T16:15:15Z
@yunusmuhamadofficial9247,Di balik kemajuan negara cina ada perbudakan 😂,0,2026-03-31T14:17:34Z
@wagi03.kawagi,"Dulu kerja di jepang prlerusahaan konstruksi full sebulan dari jam 7pagi- 9 malam termasuk hari minggu kerja juga tp pulang jam 5 khusus hari minggu, sampai rumah sekitar jam -+ 10 malam berasa baru mejam bentar udah kerja lagi 😂😂 tapi duit jadi ketabung karna ga ada waktu buat jalan jalan/ belanja",2,2026-03-31T13:23:43Z
@paino5894,Chinanya tuh nyina banget 😍😍😍,0,2026-03-31T12:33:51Z
@evibudiawati2982,Pantesan dracinnya  menggambarkan harapan jadi orkay......... 😮,1,2026-03-31T12:10:17Z
@evinozakir9764,"sebelum diterima kerja harusnya dikasih tau dulu sistem jam kerja nya bagaimana, apa 996 atau normal jadi biar calon pekerja yg memilih mau ngelamar kerja disitu apa gak",0,2026-03-31T11:17:12Z
@thisisit5719,9+9+6=2+4=6=money,0,2026-03-31T10:41:23Z
@kingers450,"SELASA   31 MAR 2026   16:40
MAU 72 JAM MAU 24 JAM TERGANTUNG MASYARAKATNYA RAJIN KERJA APA GA.
KALO MAYORITAN MASYARAKAT PEKERJANYA RAJIN SIH YA GA PAPA LAH.",1,2026-03-31T09:43:05Z
@doddy_alfhayied,Pantesan banyak dracin orkay pen hidup sederhana di desa 🤣 dah muak sama dunia kerja 🤣,0,2026-03-31T09:41:32Z
@SarahWilliams-j2l,Gw kerja di eropa kerja 12 jam selama 5 hari aja udah tepar & sift bergantian pagi & malem,0,2026-03-31T09:38:11Z
@comedynusantara,rill kerja ama cina,0,2026-03-31T09:24:04Z
@BismaYangAgung-p3l,lah bukan nya kemaren  rumor nya jack ma di ilangin ama pemerintah china ya?,0,2026-03-31T09:19:17Z
@ochannia318,lah kerja di shoppe 12 jam kerja juga jadi daily worker gudang wkwkwk,0,2026-03-31T09:06:11Z
@rahmathidayat-yp6mb,Kata asn di Indonesia “untung gw jadi pekerja di indonesia”,0,2026-03-31T08:09:04Z
@JaniceAurellia,"waduh kasian, apalagi abis gt di PHK karena ada AI",0,2026-03-31T07:54:31Z
@criroseven5016,"gua kerja 12 jam perhari, gaji di bawah umr😢",0,2026-03-31T07:23:28Z
@DarelRahadian,"Gua waktu di sonson 1 di cimahi pernah kerja dari jam 7 pagi sampai jam 9 malam, rata2 itu pas bulan puasa, btw pemiliknya china",0,2026-03-31T07:18:32Z
@alexandersantoso817,Squidward sekali 😅,0,2026-03-31T06:58:58Z
@ffeenddyy,"saya kerja di toko 12 jam, tanpa libur 1 haripun kecuali hari besar (idul fitri/adha), tidur di tempat kerja dan bangun juga di tempat kerja, 84 jam/minggu, gaji dibawah UMR, agak sedih kalo di liat liat, semoga beberapa tahun lagi bebas dari zona ini.",1,2026-03-31T05:36:09Z
@seekor_tytyd,aku yg kerja 16jam dari jam setengah 8 pagi sampe 11 malem gajih 2jt per bulan ngontol ngontol,0,2026-03-31T05:20:03Z
@fj7138,Judol aja 12 jam kerja selama 7hari selama gaji sesuai mereka diem aja,0,2026-03-31T05:19:54Z
@istiqomahlakstaningtias-l4j,pekerja dan staff proyek di indo yang kerja dari jam 7 pagi sampe jam 11/12 malem juga banyak tuh,0,2026-03-31T05:11:45Z
@bagusforever4134,laaah aku malah tahunya kerja 69 bang.. buka warung jam 6 pagi dan tutup jam 9 malam.. ,0,2026-03-31T04:44:59Z
@AhmadHaris-c2z,"yang sukses bosnya, yang di peras karyawannya",0,2026-03-31T04:16:20Z
@KomangKesumaWijaya,negara dengan ideologi komunis tetapi sistem perekonomiannya lebih kapitalis daripada semua negara kapitalis,0,2026-03-31T04:15:28Z
@rikamashfufah481,"Gw kalo di cina, pegawai tidak tau malu dong 😂😂😅",1,2026-03-31T03:52:59Z
@0riginalrisk,Hiduuuuppppppppp…!!!!!!!,0,2026-03-31T03:31:08Z
@almiscrab3938,Apa Mereka mau bikin orang Amerika sibuk kerja biar gak ada waktu buat cari informasi di internet ?😅,0,2026-03-31T02:52:07Z
@arilsujana3971,"996 akal2an pengusaha, oligark, dan pejabat2 😂",1,2026-03-31T02:49:29Z
@LauLau-n9i,096 aja😂,0,2026-03-31T02:48:39Z
@spacegaming001,"""untuk sukses harus bekerja lebih keras dan mengorbankan lebih banyak waktu"", ya betul, karena yang sukses yang ngomong, bukan yang kerja dengan upah rendah yang mengisi kantong yang ngomong ",3,2026-03-31T02:42:30Z
@bet6953,Di Konoha malah banyak yang lebih dari 996,0,2026-03-31T01:55:16Z
@ratriputri3492,"Jelas aja pengusaha dukung. Kan yang jadi kaya raya mereka. Bukan pegawainya. Pegawainya dapat capek aja dan dapat status pegawai loyal. Mana kadang uang lemburan seikhlasnya...
Mau kaya raya, salah satu caranya adalah eksploitasi manusia. 😂",0,2026-03-31T01:31:14Z
@Nahdi24,berangkat kerja jam 9 malam pulang jam 9 pagi = shift malam,0,2026-03-31T01:02:45Z
@RSRgame,Family timenya kapan tuh? 😢,0,2026-03-30T23:44:05Z
@JantanDanbetina,"Jadi begini bang, biaya lembur itu jauh lebih murah ketimbang menambah orang untuk bekerja 
Ditempatku ada karyawan keluar tapi bos aku gak mau nambah karyawan lagi karena gajinya, jadi yang ditumbalin karyawan nya untuk mengisi kekosongan dia dengan cara lembur...
Karena kalo kita lembur jam 9 ketemu jam 9 ada waktu kosong 2 jam untuk istirahat dan 2 jam istirahat itu gak di hitung sebagai lemburan",0,2026-03-30T23:28:42Z
@hendrimulyana5094,"Abangkuh bahas tentang perkerja buruh buruh pabrik dinegara wakanda.. tentang harian Lepas(HL) yang berlindung di  SISTEM Magang. saya saat ini sedang di posisi tersebut sudah hampir 3thun. Sedangkan posisi kerja nya sama aja, tetapi penghasilannya Money nya berbeda hampir 3-4jt😊😊",0,2026-03-30T21:23:14Z
@ArsandaFc,"Jack ma bilang gth karna dia Bos,kalo dia karyawan ga akan ngomong gth",0,2026-03-30T19:08:40Z
@cgxastroboy3267,Masih klh sama gua gua ngojol dari jam 7 pgi sampai 12 mallam😂 apalagi narik di jabodetabek behhh mantap,0,2026-03-30T16:07:57Z
@qoryabdi5167,"Komunis emg , ga heran.",0,2026-03-30T15:55:00Z
@alfar4549,Di Taiwan juga sama saat ini,0,2026-03-30T15:41:34Z
@auliaulfahasanah,"Bersyukur loh koi kerjanya gak ikutin sistem,kalau kerja lemburan terus bisa sakit²an",0,2026-03-30T14:06:19Z
@putrinilam9212,Koi aku lebih suka pembawaanmu yang lama ya. Ga buru2 & nada suaranya lebih enak didenger,0,2026-03-30T13:36:29Z
@SurotoClp,Kalo d konoha senengya   borongan padahal merugikan  diri sendiri😂😂 makany. Dulu mereka lebih cepet  maju  Bukti SDM nya tinggi  dan memanfaatkan waktu dan pemerintah sekarang kalo kita ngikutin budayabitu tidak bisa karena sudah klihatqn buruk  kanrena sprti pencucian kertas,0,2026-03-30T13:27:46Z
@X-TIGER-X622,Hidup J_k_wi!!! 😢,0,2026-03-30T12:40:25Z
@Sharing_allofthings,"ya gimana ya, kalo misal kita kerja terus sesuai gaji nya dengan apa yang kita kerjakan dan usahakan mati Matian sih gapapa, lah ini udah gaji lembur dikit kadang gaji nya di betak sama atasan wajar si banyak yang nolak sistem ini, gua juga setuju pengalaman kerja sama bumc selama 2 tahun bener² menguras kehidupan",0,2026-03-30T12:17:35Z
@puguh_susilo,"Disini lebih parah 997
Kerja jam 9 pagi, pulang jam9 malam

Selama 7hari fulll (kerja kasar perhari upah 50 ribu belum termasuk uang makan dan bensin)",0,2026-03-30T11:49:25Z
@Asapyonion,Di jombang tuh banyak kerjaan 12 jam selama 6 hari kerja,0,2026-03-30T11:41:29Z
@Manutaja,Titip 995,0,2026-03-30T10:15:59Z
@staylove081,apa gk fatherless itu anak2 chinness,0,2026-03-30T09:49:03Z
@DarkBlqze77777,"Jack Ma n para2 konglo lain nya sih setuju, karna emang dia yg sukses, karyawan nya yg gk sukses.. mereka gk mau Modern Slavery Technique mereka dihilangkan 
Mereka cuma mau terima duit/ cuan nya doang, tapi pengeluaran dll nya gk mau, kalo bisa gk perlu bayar karyawan makin suka lagi mereka.. 
And itu byk terjadi ama Black Company di Japan..",2,2026-03-30T09:48:53Z
@AriRamdhani-o4s,ko mirip kaya di negara apa yaah ?,0,2026-03-30T09:48:39Z
@suciiigaming3977,"Abang ojol yang berangkat jam 6 pagi ,pulang jam 9 malam bilek 🗿",0,2026-03-30T09:23:58Z
@Kuching-n3i,"Aku kerja di malaysia boss china,kadang jam 2 mlm baru pulang berangkat jam 6 pagj,",0,2026-03-30T09:10:40Z
@ViridianVivaldi,BUMC dimana2 sama aja 😂😂😂,0,2026-03-30T09:01:53Z
@maximiliansec,"Makanya gw salah satu orang yang percaya kalo China itu berkembang cepat tapi turun cepat juga kemudian. Sistem kerja yang berlebihan memang bagus untuk perkembangan negara tapi buruk ke SDM nya. bisa dibilang, dalam jangka panjang orang gak bakal mau lagi terus terus begitu dan pada cabut. bukannya sekarang juga banyak ya pengangguran di China yang punya S1 bahkan S2, bahkan ada katanya yang emang milih gak kerja sama sekali karena emang gamau.",2,2026-03-30T08:19:16Z
@AngelyoshaAl-fauzany682,"Reaksi mrk yg dmnfaatkn, dtpu dn djbk oleh kucing bangsawan=orng smn2 dn kucing kmpung=mmnfaatkn  orng lain dm keuntngn pribd alias si pngkhnt.

https://youtube.com/shorts/blG3Q-ABZeI?si=1xp4RF4OHv04FPBX",0,2026-03-30T08:13:55Z
@myclipperromance666,sama kaya kerja bank di indo,0,2026-03-30T08:00:06Z
@scarletf6558,"Kesuksesan 🤣
Lu ngelawak apa gimana? 
Lu kerja 25 jam sehari buat perusahaan lu sendiri nonstop selama 8 hari seminggu yah seterah lu. Perusahaan lu maju lu makin sukses. Sedangkan mereka kerja 12 jam sehari dan 72 jam seminggu mah gak worth it. Itu bukan perusahaan mereka. Perusahaan maju mereka gak dapet apa apa. Mereka mati perusahaan tinggal cari orang lain. 
Jadi stop romantisasi kerja gak manusia kalau omongan lu cuma buat memperbudak manusia lain demi keuntungan lu pribadi.",0,2026-03-30T07:54:34Z
@adetyoputra,Op warnet 997 koi 🤣🤣🤣,0,2026-03-30T07:52:12Z
@faisalalfarizi6587,Gw 12/7 kurang gila gimana coba,0,2026-03-30T07:22:21Z
@bagasinka9471,kalok tiap hari lembur dibayar 2x gaji satu hari mereka bakal ok gas ok gas,0,2026-03-30T07:19:25Z
@rizkiesaputra1301,"dan itu terjadi diperusahaan china diindonesia, gua pernah kerja disalah satu brand hp china mending 12 jam, gua biasa dituntut lebih dari itu buat laporan tengah malem, wajib standby 24 jam bahkan waktu itu cuti masih diganggu sama kerjaan dan mereka selalu punya cara untuk melakukan pemotongan gaji dengan atur""n baru😅",1,2026-03-30T07:12:27Z
@miftahfariz3890,"Yang saya tahu,di US sejak 2024 ada perusahaan yang nerapkan WH seperti ini bang,Krn kebetulan saya kerja freelance dan klien saya dari US,mereka kerja 48-60jam/week, mayoritas di perusahaan² atau kontraktor  kecil, terutama perusahaan iklan n agency,kalo perusahaan besar mungkin masih terikat aturan serikat buruh kali ya",0,2026-03-30T06:48:23Z
@MLKHAKIM,"Telat kamu bang. 😂😂😂 Biasa itu bang. Indonesia udah terapkan itu. 
Kami pegawai Tambang Batubara dikaltim, udah terapin jam kerja 12 jam/hr. Masuk jam 6 pulang jam 6...",0,2026-03-30T06:13:57Z
@EsnaWati-xv6mk,"mas, sekarang ngomongnya cepet amat...kurang selow deh..",0,2026-03-30T06:13:14Z
@IndartiTriUtami,di konoha jg ada kerja 12jamlibur per 2minggu sekali tapi prakteknya yaa begitulah,0,2026-03-30T05:30:31Z
@annahardianto7300,"11.56.. busyet bikin  kaget  ""hidup.."" mau aku terusin eeee dipotong",0,2026-03-30T05:01:30Z
@vin-z3c6c,Percuma di hapus kalo upahnya gak di naikin tetep bakalan mau lembur buat hidup,0,2026-03-30T04:43:55Z
@alpinna2431,Still team work-life balance bang,0,2026-03-30T03:27:06Z
@SitiMaemunahLeffie-s8m,12.jam disini juga banyak kerja 12.jam,0,2026-03-30T02:59:09Z
@AveDioza,...,0,2026-03-30T02:53:52Z
@arulgamers8921,"Yang ngedukung 996 bukan karyawan, pantaslah ngedukung orang gak ngerasain kok lemburnya 😂",0,2026-03-30T02:49:33Z
@Masclessss,"yang mendukung bosnya, yang protes anak buahnya >.<""",0,2026-03-30T02:45:37Z
@megasinergijasa,kalau negara arab gimana pola kerjanya bang ?.,0,2026-03-30T01:56:48Z
@widha_2079,"kerja keras bikin sukses kata konglomerat tsb,
maksudnya ya mereka yg sukses.. para pekerjanya ya ttp bekerja keras aja",1,2026-03-30T01:44:37Z
@babigoreng-d6k,"996 sistem idiot yg di buat komunis, bayangkan manusia di anggap robot tanpa nyawa. Yg bilang china maju berarti udh kena propaganda, di china sendiri gaji di tunggak, kesejahteraan rakyat timpang sekali. Yang kaya cuman orang partai PKC 🤣",0,2026-03-30T01:21:33Z
@Faiz_ibnThalib,"Berat, lebih baik memilih standar kerja dan jaga kesehatan dari pada hanya menguntungkan orang lain, tapi diri sndiri terpuruk , kerja 8 jam aja udh banyak resiko dan lelah nya apalagi 12 jam atau lebih , kebanyakan akan menjadi manusia yg retan sakit dan gila😅😅",0,2026-03-29T23:37:35Z
@Silviyanisilvi-s3m,Di indo juga masih banyak yang kerja 12jam bahkan kaya lumrah upah di bawah umur 60-100rb/hari dengan jam kerja berat 12jam bahkan tanpa libur,0,2026-03-29T23:16:29Z
@ekkot9975,"Lah suami aku kerja dr jam 5 pagi sampe 6 malam ,, terus off nya 13 hari sekali , ,,, lebih parah dari cina itu ,,,",0,2026-03-29T22:08:31Z
@Pertamax7-HD,ngeri om koyok,0,2026-03-29T18:47:32Z
@leah_seo,"Persis suamiku, kalo dia 10106. Dan ""GA DIITUNG LEMBUR"" emang spv nya sih biang keroknya kerjaan lemparan dari departemen lain malah dipungut. Sok2an masuk KPI pula
Iyalah bukan dia yg ngerjain tp anak buahnya😅🫵🏻",0,2026-03-29T18:17:25Z
@fikritaupiqurrahman1287,Di tempatku juga sama 12jam 7 hari kerja 😢,0,2026-03-29T17:59:56Z
@Syafina-z6v,"Sebagai budak bumc yang sering digangguin kalo udh balik/weekend/tanggal merah can relate🥲 doain aku ya guys mau resign bulan ini tanpa backup plan, udah stres parah soalnya",0,2026-03-29T17:29:29Z
@ristajulianti3826,Apakabar TKW arab bang. Fisik mental kena banget.,0,2026-03-29T17:24:15Z
@dodidarmawan4733,"Kerja 996 cuman cocok untuk pendiri perusahaan ya. Soalnya mereka punya perusahaan, punya sesuatu yang dimulai dan di kembangkan. Level karyawan mana mungkin punya hal yang sama apalagi posisi mereka mudah banget digantikan. Coba deh dipikirin, kalian memperjuangkan sebuah perusahaan di level karyawan terus kalian dengan entengnya dipecat. Jadi perjuangan kalian cuman jadi buat belajar sendiri aja. Jack Ma sama Liu itu pendiri perusahaan jadi cocok mereka kerja 996. Pastinya jangan memaksakan ideologi kalian ke level karyawan karena mereka cuman 'anak tangga' untuk kesuksesan kalian.",1,2026-03-29T16:43:35Z
@MaExSans,Bangsat nya Orang China ngebawa tradisi ini ke Indonesia ngasih kerjaan 12 jam gaji cuma 80-100k perhari,0,2026-03-29T16:04:48Z
@RakaPras-y1u,"Nyata bang saya ikut kerja org cina . Lembur harus ,,, padahal di gudang gabut😅",0,2026-03-29T15:55:11Z
@ekaprimaoktarianda6679,Kalo bayaran nya sesuai dengan kerja nya sih ga papa.. ini kerja lembur bagai kuda tapi bayaran kerja aja ga nutup pengeluaran bulanan.. jika dilihat dari kacamata pengusaha ya emang berkah.. perusahaan mereka bisa lebih maju tanpa modal gede yang harus nambah pegawai.. but kalo sisi pekerja ya jelas kerja yang ga adil,0,2026-03-29T15:21:15Z
@DjWelldd,"Kalo dinegara mana itu lupa aku, walaupun pekerja nya nuntut ke pengadilan selama masih ada uang apapun bisa diatasi",0,2026-03-29T15:04:34Z
@ZainalArifin-x3q,"emang tinggal di Asia Timur rata2 gk bahagia 😢😢 isiny kompetitif ketat, depresi, stress tingkat dewa & budir",0,2026-03-29T14:50:10Z
@aryakamandika7213,"jangankan di china bang koi, di indo aja masih banyak perusahaan terutama garmen yang pekerjanya 12126 😂",0,2026-03-29T14:31:08Z
@dchaniago7559,995 ok... 😂😂,1,2026-03-29T14:22:56Z
@Andi-sd9dc,"Waduhh ada nih PT di indo daerah kabupaten yg udah kerja 8 jam, terus dibawain lg pekerjaan dirumah yg dikerjainnya memakan waktu 5 jam, dihitung total 13 jam x 6 hari kerja, minggu pun dibawain kerjaan lg jd semacam nggak ada hari libur kerja, tapi gajinya mentok cuma 1,8-2jt doang....",0,2026-03-29T14:13:28Z
@baperjangankesel,"Masalah nya lembur di 62 gk ada tambahan upah😊udh toxic banget, giliran warganya milih nganggur malah ngerekrut wna😢",0,2026-03-29T13:56:36Z
@DepDep-s1p,"Aku kerja di konoha, tiap sabtu disuruh berangkat lembur 7 jam cuma dibayar popmie 1 cup😂",0,2026-03-29T13:45:01Z
@StrikeAgeMark2,"kalian terlalu sibuk dengan sistem kerja di negara lain, sementara itu di negara kita sendiri masih belum jelas tentang janji 19jt lapangan kerja yang di janjikan itu.",0,2026-03-29T13:21:50Z
@agustindiiah827,"di indo ikut cina yg baru buka bisnis dsini 8 pg-11 mlm uda biasa, gapernah dilirik sm disnaker, aneh",0,2026-03-29T13:07:42Z
@deni.a.prasetyo,"bener sih 996 perlu buat mencapai sukses, kalo kita sebagai owner bukan karyawan..",0,2026-03-29T12:50:24Z
@AyamPredator,Bang bahas soal negara Mongolia yang dulunya berjaya sampai bisa jatuh ke Uni Soviet sampai-sampai Abjad mereka gunakan juga sama seperti Uni Soviet/Russia,0,2026-03-29T12:38:35Z
@galerygelar,Coba bahas juga justru 4 hari 6 jam kerja di finland yg seems to working well. Gw mah suka ya european...lbh manusiawi...kerja itu utk hidup bukan sebaliknya...,1,2026-03-29T12:16:24Z
@AlexanderAnderson-a1,"9 pagi - 9 malem 12 jam

Gw mau speak up gw sebagai kuli bangunan dari Jawa tertawa melihat ini kami lebih diperas dari ini kerja dari jam setengah8 pagi - 10 malam(lembur) ini minimal 14jam sehari...kami para kuli Jawa aslinya badan udah sakit2an tapi klo kita cuti sehari di kata2in sesama kuli katanya lemah,uangnya dah banyak,padahal yang bilang begitu sering mengeluh badan capek dan sakit2an

Dan ini kami para kuli Jawa semuanya tidak pekerjaan formal jadi lebih beresiko untuk gajinya dipotong sama mandor hingga 10%-40% dan ketika sakit jarang ada mandor yang mau membelikan obat atau pun memeriksakan pekerjanya yang sakit


Semoga dengan ini banyak yang mulai tahu betapa diperasnya kuli Jawa dengan gaji yang dipotong sama mandor dan wakil mandor.

Saya kerja jadi kuli sudah lebih 8thn dan 2thn ini saya sering mengajak teman2 pekerja saya untuk jangan mau di bodoh2in sama mandor terus
Tapi mereka ga berani karena mereka juga butuh kerja,dan karena ini juga mandor semena mena sama kami dengan mengatakan pulang aja klo gamau yg mau gantiin banyak,dan dengan sombongnya tidak memperdulikan kami yang memberikan mereka keuntungan tanpa keluar keringat sedikit pun

Dengan ini saya

Mulai sekarang mengajak para kuli Jawa untuk melakukan revolusi kuli",0,2026-03-29T12:10:55Z
@cahayacinta2228,"disaat cina ngeluh 996, bos sya malah pakek sistem 997 kalo diturutin😆 malah sering2 hari jumat sabtu ahad kerja 14jam. gaji 50ribu(dikumpul dikasih bulanan)  sama dikasih 15ribu harian, itupun kalo masuk kalo gk masuk ya gak dapet apa2. tapi sy berontak kalo capek ya nglibur sendiri dengan alasan sakit. jadi selama sebulan sy setting biar cuma dapet masuk 20harian. biarpun cuma kantongi 1juta yang utuh gk papa yg penting badan dapet istirahat. sudah sy jalani hampir jalan 2 tahun tanpa ada kenaikan gaji. jadi semiskin dan sehina itu hidup dan tenaga sy bagi bos sy seperti tak ada harganya☺️ btw sy masih mogok kerja dari libur hari raya kemaren😂 gak papa duit habis yg penting masih hidup😂",2,2026-03-29T11:36:51Z
@bagustri3877,ini budaya gak efisien sih malah kalau lembur menururtku itu nunjukin kalau staf yangkalian miliki ngak kompeten atau menejemn prusahana kalian buruk .lemebur sesekali  1-2 jam masi ok tapi kalau  terus terusan ya brati ada yangsalah,0,2026-03-29T10:56:04Z
@JavaQui-f2p,Enter google minta ongkos,0,2026-03-29T10:53:28Z
@Kapinis,"Saat ini bekerja di salah satu perusahaan fintech, sistem kerjanya 886 bahkan hari libur nasional pun tetap masuk, kurang diperas apa coba?😅",0,2026-03-29T10:52:52Z
@MLJakarta,"Brand2 hp china yg ada di indonesia kan nerapin hal yg sama, contoh aja lagi itu viral di ig: sales brand oddo curhat kerja 12jam, karena penjualn ga nyampe target hanya kurang 2 unit hp dari target, di gajiny cuma 800rb, lu bayangin gmna brutalny itu brand meras tenaga2 pekerja, makanya wajar aja klo sales brand2 hp china, nawarin prodaknya membabi buta",1,2026-03-29T10:44:34Z
@d.defnotwhyuu,"jadi gue yg kerja 12 jam sehari dan libur 1x seminggu + gaji 1,8 juta perbulan tu sebenernya ga layak? tapi kalo gue ga kerjain kerjaan ini hidup gue kayanya makin ga layak dah ",0,2026-03-29T10:34:47Z
@dohming,"TAKBIR.... ALLAHUAKBAR... 

BELA AGAMA ISLAM, ALLAHUAKBAR",0,2026-03-29T10:18:00Z
@imamuttakin1769,"Beda 12jamnya  di China itu on terus 
Klau di kita mah 12jamnya santuy 😅",0,2026-03-29T09:25:53Z
@UrangMahGabut,"Komunis muncul karena melawan perbudakan industri, tapi komunis China menjadikan masyarakat nya budak industri. Anomali yg nyata😂",0,2026-03-29T09:16:26Z
@kunyilchannelafn1451,"Mana nih yg ngebanggain dan jadi pemuja negara china😅😅😅, karyawan diperas SM perusahaan kok dijadikan contoh,kalian masih waras kan?😅😅",0,2026-03-29T09:07:30Z
@mallabagdja296,Di bandung 786 kadang 787😢,0,2026-03-29T08:52:59Z
@sevenheaven5175,Lawak😂 CHANNEL PRESIDEN INDO DIHAJAR TERUS OLEH NETS INDO😂https://youtu.be/5xWMAaam1MU?si=xHbI5PTqn5oG9sVI😂😂,0,2026-03-29T08:31:09Z
@putttttttttlln,Setuju sih di indo bgini jg biar lebih produktif,1,2026-03-29T08:20:59Z
@LunaR34,Work smarter not harder beach!,0,2026-03-29T08:18:24Z
@adityonugroho1435,mau comment ternyata gw kerja nya jg gk kenal waktu 😂😂. gw supir taxi biru. gw sering dpt order di gedung wtc sm di dpn the plaza tu klo malem. bukan jemput org ajep2 klo malem. tp jemput org pulang kerja. kadang subuh br pulang. dan itu dlm jumlah yg lumayan ya karyawan nya di situ. entah jam kerja nya gmn di sana,0,2026-03-29T07:54:23Z
@sonhimmel,"menurutku lembur itu berkah, tapi kalo lembur itu hanya loyalitas itu musibah

saya juga kerja udah 1 tahun belakangan ini lemburan dateng terus, Alhamdulillah banget saya gas terus
jam kerja normal 7jam + overtime 3jam = 10jam, Sabtu masuk full time 7jam lembur, dan Minggu libur family time
sangatsangat membantu kebutuhan keluarga ditambah istri baru lahiran anak pertama jadi saya ngerasa sedikit diringankan dari segi kebutuhan
oh iya bang koi saya kerja di PT sepatu didaerah Banten, gajih pokok 6,5jt kalau sama lemburan saya bisa dapet 12-13jt perbulan, sangat membantu banget untuk saya yang baru berkeluarga, dibilang cape yaa cape banget tapi kalo inget anak baru lahir itu kaya semangat lagi💗🫶",2,2026-03-29T07:54:11Z
@rockyroxy9338,Saya salah satu pegawai yang kerja jam 9 pagi smpe jam 10 malem gaji 100 perhari🗿,0,2026-03-29T07:47:01Z
@vanredaz2351,"Lahh baru tau gw kalo kerja 12 jam sehari itu ilegal, soalnya ini kerjaan gw aja tiap hari 12 jam (jam 8 pagi sampai jam 8 malam) dan udah gw anggap normal2 aja toh dapat lemburan.

Bahkan kerjaan gw yang 12 jam sehari ini malah gw anggap lebih normal daripada kerjaan gw yang sebelumnya, yang mana dikerjaan gw sebelumnya gw kerja dari jam 7 pagi sampai jam 11 atau 12 malam. Bahkan gak jarang bablas sampai jam 6 pagi, abis itu jam 12 siangnya berangkat kerja lagi.

Baru sadar ternyata jam kerja gw se gak normal itu, wkkwkwkwk",0,2026-03-29T07:34:36Z
@Nur_Daily-Channel,Terus mereka tidak keluar kerja aja ya.,1,2026-03-29T07:21:32Z
@Xairen_Xani01,Gua yang 777 😹,0,2026-03-29T07:07:31Z
@MalikEl-i1o,"12:40

Keliru agaknya kalau menyamakan kesuksesan dengan kerja keras semata. Karena kalau soal kerja keras; kuli kasar, penyapu jalan, petani buruh, dsb juga seorang pekerja keras.

Kerja keras bukanlah faktor utama kesuksesan. Memang sukar untuk diakui, namun untuk menjadi sukses, seseorang memerlukan keberuntungan. 

Morgan Housel dalam psychology of money juga menyoroti hal ini. Ketika kita mengatakan seseorang sukses karena salah satu faktor keberuntungan, seolah kita iri terhadap pencapaian orang lain, kita jahat karena tidak bisa seperti mereka. Padahal keberuntungan merupakan variabel besar untuk menuntun orang mencapai kesuksesan. Keberuntungan disini bisa berupa privilese dan sebagainya, yg intinya menguntungkan atau mempermudah jalan kita melebihi jalan orang lain.",1,2026-03-29T06:57:32Z
@satorirayzaa,lebih bgs*nya lagi di negara anta belantah iniyyyy kerja nya apa tapi disuruh nya apa ..gajarang senior yg selalu membabui junior untuk mengerjakan diluar dari yg seharusnya kita kerjakan..! yg sama kacung eh ngacung ☝🏻🖕🏻,0,2026-03-29T06:46:23Z
@sakarepkuring,"Baru juga 996 gua kerja 885,
Masuk jam delapan pagi selesai jam 8 pagi selama 5 hari.",2,2026-03-29T06:41:49Z
@bungekramadhani,Awal mula terbentuk BUMC di indo,0,2026-03-29T06:09:46Z
@tianchan31,"Pernah ngalamin ih di Indonesia kerja lembur bagaimana kuda 12 jam, dari jam 7 sampe jam 9 malem + ada tragedi kesurupan massal wkwkwk",0,2026-03-29T06:08:43Z
@AraS-gl3kn,Menurut ku 24 jam aja. Udah ada yg praktekin juga tu warung M. Kiamat baru libur,0,2026-03-29T05:56:46Z
@patrick-zb6fx,"kocak ini para oligarki2 china, omon2 sukses yg suksesnya itu org2 kayak Jack ma / richard Liu, yg tiap hari bisa pesta pora & dapet penghasilan banyak dari sistem 996, sementara para pekerja nya gk dapet benefit apa2",1,2026-03-29T05:40:50Z
@clippercast17,"Gw yg kerja 72 jam di gajih 200 k doang,ada yang sama ga si
 😂",0,2026-03-29T05:25:11Z
@lttrans7789,"ini ada sangkut pautnya ga ya sama yg diindo ""bos cina"". ngerasa relate aja jir. disana lembur dpet uang tambahan, kadang engga (berati ada yg dapet). nah gue engga jir disebutnya dedikasi, loyaliitas lah wkwkwk",4,2026-03-29T05:07:25Z
@andrilisyanto4619,"Di konoha jg begitu, lembur gx pernah di bayar",0,2026-03-29T04:59:22Z
@AlgieAgestian,"Di balik barang cina yang murah itu, ada pengorbanan dari tenaga kerja di sana yang dibayar murah dan overwork. Selain itu juga meskipun pemerintah sudah membuat aturan maksimal jam kerja, aktualnya banyak perusahaan besar cina yang menerapkan 996 seperti alibaba, jd.com, tencent dll. Karyawan bakal susah menang gugatan di pengadilan karena banyak oligarki di sana masih terafiliasi dengan pemerintah, tau sendiri tuh negara macam mana perlakuannya ke rakyatnya sendiri.",0,2026-03-29T04:26:45Z
@jaquerexan2188,"Kerja 72 supaya sukses, maksudnya perusahaan yang sukses, karyawan sama aja wkwkwk",1,2026-03-29T04:11:09Z
@intannisey3363,sewajarnya jadi manusia aja atuuuh🥹,0,2026-03-29T04:03:26Z
@adewijaya5244,"Indonesia 996 insyallah negaranya bakal maju, banyak investor datang...",0,2026-03-29T03:53:52Z
@hanupis44,"Kalo masuk jam 6 pagi, pulang jam 6 sore, 6 hari seminggu seperti temanku bang, itu apa bisa disebut sitem kerja setan?😅",0,2026-03-29T03:49:14Z
@djonaschannel8161,"Kak...bahas dong kenapa negara luar pada panik ambil kebijakan masalah bbm, sedangkan indo masih santai bahkan harga masih stabil.",0,2026-03-29T03:21:36Z
@naomieleonora,Klu elu masih kerja dgn orang jgn mau di eksploitasi. Klu running business sendiri baru terapin 996!,0,2026-03-29T03:16:01Z
@XAVIER12215,"Di indo karena banyak boomer kontol kalo ada yang ngeluh malah di ajak adu nasib, padahal banyak perusahaan gila yang gaji di bawah umr 12 jam. Bahkan dlu di subcont perusahaan gw kerja 12 jam gaji 3.700. alasan helper helper itu gk cabut cuman karena takut gk dpt kerja lagi, ketika mereka ngeluh boomer² kontol malah ngajak adu nasib!",0,2026-03-29T03:06:44Z
@MRCHANNEL2123,kocaknya yg setuju ya jelas punya perusahaan2 besar.. ya iyalah mereka stuju untuk keuntungan mereka 😂,0,2026-03-29T03:04:00Z
@wilmarlitaurus1077,"Bang..
Sebenernya untuk praktik kerja 12 jam kayak gini masih terjadi dimana² termasuk di Konoha.😅
Gua sudah 5 tahun kerja di perusahaan tambang dengan sistem kerja 7-7-13, ( berangkat kerja jam 7 pagi, pulang jam 7 malam selama 13 hari kerja & dihari ke 14 off/over sift ).
Kerja di site selama 8-10 Minggu lalu dikasih 2 Minggu untuk cuti & begitulah yang terjadi selama 5 tahun ini.😊",6,2026-03-29T02:57:08Z
@wongpalembangasli1,Kenapa di Indonesia ada batasan antara UMR dan UMKM ? untuk menekan harga terutama harga bahan pokok agar tidak ikut melonjak terlalu tinggi,0,2026-03-29T02:47:16Z
@hellobydee,"as karyawan ak kerja 12*7 gaji? Umr dipotong kosan, , , 😎",0,2026-03-29T02:26:30Z
@music-populer,"12 jam!, di Indonesia juga 90 masih kerja 12 jam terutama para buruh kasar seperti saya.",0,2026-03-29T02:18:18Z
@ganskansas4090,"Mister pabrik gua kerja 72 jam sampe kuat badannya nahan masuk angin. Ujung""a tetap di buang perusahaan karena tidak berpengaruh ke hasil. Pantesan gua bertanya tanya ko bisa mister dari pagi standby sampe jam 11 malam ternyata budaya china",0,2026-03-29T01:57:28Z
@Uciolusi,"Aku yg kerja di perusahaan cina yg di Indonesia aja jg gitu jam kerjanya.apalgi utk staff staf nya, TPI mmg lumayan meledak gajinya",2,2026-03-29T01:26:36Z
@ngestrifani6829,Sama kayak d Indonesia banyak perusahaan yang kayak gitu,0,2026-03-29T01:22:25Z
@amir3d-g8l,"Cina maju krn korupsinya ngak seperti indonesia, barang² bisa murah krn teknologi dan subsidi produksi nya jln, pengusaha dlm negri diayomi sehingga tidak dikuasai asing, kl indo kan kan kebalik produsen ,inventor & investor lokal dibunuh yg asing di kasih karpet merah kan udh digadaikan ini negara. Kerja model budak, buat apa jg maju kl masyarakatnya jd punah kyk jepang lebih baik luar dalam indah daripada bagus diluarnya aja dalemnya busuk.",0,2026-03-29T01:09:26Z
@danangrianca1554,Butuh perang atau pindah ke planet lain.. Sumbernya tetbatas manusia terlalu bnyk jadi ga kondusif buat ekosistem sosial.. Silahkan kalo mau hina ane lagian kenyatan tidak selalu indah,1,2026-03-29T01:05:52Z
@GSJ245,"lah d bali biasa untuk pekerja hotel yang belum jadi karyawan,gaji nya setengah dari karyawan tetap lagi,apa lagi klu ad event2 tertentu bisa 13jam",0,2026-03-29T00:56:42Z
@apark_huang6694,"Aku pake sistem ini buat belajar, jujur ngerasa pusing, capek, malas... Tapi dari segi output ku ngerasa not bad karena jadi disiplin, teratur jadi ngerasa lebih baik lah pokoknya",0,2026-03-29T00:50:02Z
@ariervandi,Si Jek Ma setuju 996 karena mukanya jelek sih menurut gue.,0,2026-03-29T00:32:41Z
@har1185,Aku di taiwan 886,0,2026-03-29T00:26:35Z
@irwanaditya7504,"Kerja 12 jam sehari okelah, tapi jgn dijadikan sebagai jam reguler juga..",0,2026-03-29T00:21:42Z
@PemantauUlung,Meanwhile bank bri lembur tiap hari tapi sahamnya anjlok mulu😂,0,2026-03-28T23:26:02Z
@habibflicker4142,Apakah ini melanggar ham? Karena termasuk mengambil hak waktu orang,0,2026-03-28T23:18:11Z
@pramamachmudin,😎,0,2026-03-28T21:16:35Z
@MuhammadAkbar-wu8gl,Menit 11:55 ada noise suara apaan tu😂,0,2026-03-28T21:00:47Z
@Samuel-yr2sy,"Ironis, China yang mengaku sebagai negara komunis, tetapi eksploitasi pekerja masih sangat masif. Padahal sejak dulu gerakan komunis menuntut jam kerja maksimal 8 jam.",0,2026-03-28T20:56:45Z
@ryanananda5745,Bang koi bahas perang dong,0,2026-03-28T19:56:52Z
@ramdanikhadavi6281,Bahas Jack the Ripper bang 🙏,0,2026-03-28T19:53:07Z
@wisnumardenda5871,"Ini namanya Lapangan Perbudakan. Efek jangka panjang dari hal ini adalah anak-anak mereka jadi terlantar, nanti di masa depan anak-anak ini tumbuh menjadi orang yg tidak mengerti bagaimana berempati, menyayangi dan mendidik anak. Anak-anak mereka jadi seperti robot dan tidak punya integritas. Lagi-lagi yang jadi korban adalah generasi kedepan bangsa.",0,2026-03-28T18:47:41Z
@techieveid1333,"Gw Nakes Pernah Kerja Kek Gini, Bayangin Dituntut 0 Kesalahan Tapi Lembur Tiap Hari Dan Gak Dibayar, Belum Lagi Senioritasnya Yg Kenceng Banget, Sampe Stress, Sering Gak Mandi Dan Gak Rawat Diri",0,2026-03-28T18:32:12Z
@pradikagalang5614,"Ini sebenernya di indo juga banyak banget begini, apalagi sektor swasta. Gak cuma pekerjanya, tapi juga pengusaha sebagai pemberi kerja pun kebanyakan masih ikut kerja gila gila an juga. 

Mungkin gak, sebetulnya bukan salah di pengusahanya, tapi di pemerintahnya yang nyebabin: 
1. Gaada penjaga stabilitas harga, jadi kalo mau menang di market ya banting bantingan harga. Ujung2nya cuannya pada kecil semua, semua pada punya mindset ngejar kuantitas, sementara buat ngejar jadi 'terpaksa' mempekerja rodikan karyawan. Padahal disaat yang bersamaan, karena untungnya kecil, ya kemampuan buat ngasih karyawan juga kecil. 
2. kerumitan membuat usaha, yang bukannya dipermudah malah dipersulit. Katakanlah gaji bulanan 4 juta, bisa nabung 500rb sebulan buat bikin usaha. Setahun kekumpul 6 juta, mau bikin usaha pake duit segitu ya cukup darimana. Orang sewa lahan yang bulanannya 500, paling juga dapetnya teras, itupun dalem kampung, bukan di jalan raya. Bahkan kalopun punya dana, lalu berhasil bikin usaha, banyak banget izin atau sertifikat yang diurus. Itu juga makan duit dan makan waktu. Fyi aja, 1 tes bpom itu bisa ngabisin duit 5jutaan minimal buat tes lab, dengan antrian dan waktu tunggu hasil kira2 3 bulan, padahal itu untuk 1 varian produk. Kebayang gak, misalkan punya usaha kripik pisang rasa rasa, punya 5 varian rasa, segimana mahal waktu dan kapital yang dikeluarkan, yang pasti juga berefek ke costingnya usaha dan bayar karyawan... Sementara mereka yang diatas sana, yang dipikirin cuma gimana caranya narik pajak sebanyak banyaknya dari kita 😢",1,2026-03-28T18:28:50Z
@hakikih3032,"🇨🇳 12 jam dihitung lembur.
🇮🇩 12 jam-14 jam loyalitas.
F&B banyak yang begitu, yang kasian gaji mereka cuma 3jt+ketering.",4,2026-03-28T17:40:06Z
@Iskandar20-n1v,"Kalo gue mah sih kerja 12 jam dalam 6 hari gak masalah, asalkan upah atau gaji yang didapatkan setimpal. 

Coba kalo kerja 12 jam gaji dibawah 2 juta? Aww hell nah",0,2026-03-28T17:37:55Z
@BankoiChannel,"Ini negaranya aja gini,apalgi yang ada di indo udah perhitungan,suruh kerja tanpa tau waktu gadapat apa apa wkwkw",0,2026-03-28T17:30:36Z
@nikohayadi771,Ngojol 997 malah,0,2026-03-28T16:13:20Z
@afgandarudin4338,"Kerja keras:
Tukang es batu 
Tukang kuli batu bara 
Tukang kuli batu pondasi 
Tukang kuli Lio 
Tukang kuli penambang emas 
Tukang kuli penambang uranium 
Tukang kuli pabrik besi 
Dll😊",0,2026-03-28T16:11:29Z
@firmanganteng9464,"lebih parah AO PNM mekar bang, senin sampe sabtu brangkat jam 7.30 pulang jam 12 malam target 240 juta gaji umk 😂😂😂😂",2,2026-03-28T16:10:55Z
@OREO-t5y,setuju 996 kalau bayaranya sesuai jam kerja,0,2026-03-28T16:01:24Z
@Gibshere,apakah budaya ini yg dibawa oleh para pengusahan (chindo) di sini? sistem kerja yg panjang tp upah yg seminim mungkin?,1,2026-03-28T15:56:13Z
@dans_autocars,kyk di sini...ada perusahaan ekspedisi cina yg kerjanya gila bisa 24jam nonstop...gaji banyak potongan,0,2026-03-28T15:36:03Z
@wahyuriski9062,Dulu guru gua bangga kalo kerja kaya bangsa tiongkok 996 kita sebagai gen Z awal emang bisa buat mental dan kesehatan fisik,0,2026-03-28T15:22:50Z
@Seslia21,Hahah udh biasa itu mah bang di jakarta banyak bahkan ada yg 15jam,0,2026-03-28T15:17:22Z
@nolaseptiani4312,ternyata emg udah mendarah daging si bumc ini,0,2026-03-28T15:00:29Z
@fauzy5085,Sama kya jam kerja gw 72jam tiap minggu lembur gila2 an,0,2026-03-28T14:55:01Z
@MuhammadInsan-q1m,"Menurut gw yg kerja 995(12jam kerja 5hari sekali libur) selagi haji cocok gpp dah,",1,2026-03-28T14:44:38Z
@AchmadFadillah-z5q,"orang kaya bilang orang miskin yg menolak adalah pemalas dan tidak mau sukses.
Namun orang miskin yg  logikanya main, ini namanya perbudakan dan hanya menguntungkan bosnya doang. Sedangkan karyawan bisa sesaat diganti dengan orang lain.

Bos belum tentu leadership, tapi leadership sudah pasti seorang pemimpin.
Pemimpin yg baik, yg memanusiakan manusia.

Bisnis hanyalah alat, untuk memberi makan orang lain. Bukan mencari kekayaan yg tidak kita bawa mati.

Sejatinya, Tuhan menciptakan manusia itu hanya untuk ibadah.
mencari makan hanya untuk menguatkan tulang punggung agar bisa dipakai ibadah.

kita lahir tidak membawa apa apa,
Lalu tumbuh mencari apa apa, dan meninggalkan serta tidak membawa apa apa..",1,2026-03-28T14:24:14Z
@30sreceh26,"Gak usah jauh"" ke cina di indo aja banyak 😂",0,2026-03-28T14:23:49Z
@GegelomanBro,Saya 995 di Bali & lebih baik begini. Karena lumayan lemburan kita. Seminggu 5 hari kerja & 2 hari libur.,0,2026-03-28T14:02:24Z
@reinerdussler,Pertama kami lembur sekali tpi kelamaan kami lembur berkali kali dan untuk seterusnya lembur sudah jadi makanan wajib bagi kami 😢,0,2026-03-28T14:01:00Z
@mohreidwan3694,Pernah ngalamin selama 3 tahun di salah satu kota di jateng masuk jam 8 pagi pulang malem. Kalah baru banyak orderan masuk pabrik cuma ngasi libur sebulan sekali itu aja gaji ga nyampe 4jt,0,2026-03-28T13:42:02Z
@farhanputraperdanafarhanpu8480,Indonesia mau ngikutin tapi gajih 100rb sedangkan cina 2jt jauhh🎉,0,2026-03-28T13:38:39Z
@penguinsoldier1812,"996 demi kesuksesan wkwk, yang sukses mah ownernya, buat karyawannya yang penting bisa idup aja itu",0,2026-03-28T13:35:07Z
@m.fahrulrifqi.k,ada salah satu perusahaab di Jawa tenggah juga mulai perlahan miri mirip sistem 996 tapi miris gaji yang di peroleh ga seberapa dibandingkan kerja keras yang terlalu over dengan jam kerja bahkan hari minggu di wajibkan lembur 😂,0,2026-03-28T13:26:07Z
@divaulinuha936,"Bg gua kerja diperusahaan china diindo,TKA china na kerjanya emang gila bang dari jam 6 pagi sampe 12 malem bahkan kadang   sampe jam 2 malem,dipt gua 6 hari kerja dan minggu sering berangkat dan orang chinanya juga tetep ikut masuk pas minggu😂",0,2026-03-28T13:12:05Z
@muksony3862,kalo bayaran y sesuai sih tidak masalah,0,2026-03-28T13:09:34Z
@ulgames868,😂😂😂 hhh,0,2026-03-28T13:09:06Z
@sasongkoadi2511,"Ane ngrasain ini.. 
Ane kerja di kontraktor telekomunikasi, sebelum 2012 sector itu dikuasai oleh Eropa, setelah 2012 china menguasai. Dan budaya 996 itu dibawa juga kesini.. 
Yg biasanya jam 5 dah tutup laptop, karena china2nya pada lembur, jam 9 minta report terpaksa harus buka lagi. 
Efectnya nyampai sekarang, walaupun china2nya dah balik ke negaranya sono semua, budaya itu masih melekat mungkin karena kebiasaan, dan sekarang itu jadi kayak biasa, orang2 mengaggapnya jadi kayak standart kerja biasa aja.. 
Hebat emang..",0,2026-03-28T13:06:19Z
@gundekmtv,🔥🔥,0,2026-03-28T12:57:12Z
@ulfinp5123,Ohhh ini cikal bakal BUMC 😂😂😂😂 kantor aku juga jd budaya gituu,0,2026-03-28T12:27:43Z
@babangagus4436,"Kurng keras itmh bang,,  ,nih Gue kerja di toko sembako dari awal buka jam 5 pagi pulang jam 5 sore,kadang lebih, dan libur cuman boleh sebulan sekali,,,apa gk edan itu😂,,,,,sat gjih gaknyampe umr",0,2026-03-28T12:03:22Z
@lyricsabouthim,Sukses hanya omong kosong,1,2026-03-28T11:40:10Z
@User-bl2uo,11:56 hidup apa tadi?,0,2026-03-28T11:25:12Z
@NadirLarimu-p3t,Gw yng kerja 7 malam ke 7 pagi trus udh 7 bulan shif malam terus gk ada oper shif,0,2026-03-28T11:17:52Z
@poter3002,"12jam kerja x 30hari dan off 14hari , izin nyimak 🙏🏿",0,2026-03-28T11:12:29Z
@Isane_Aela,Jdi mirip jp ya,0,2026-03-28T11:05:17Z
@yolochannel5014,"Halah di indo 996 juga kok apalagi retail yang katanya loyalitas tai, atau gak pekerja di resto kecil yang harus jaga 11 jam tapi gaji 1,6-2 juta",2,2026-03-28T11:02:20Z
@indonesiacanmakeyouhappy,Hukum kan bisa dibeli ttp power lah atasan mereka Woamwka gada guna,0,2026-03-28T10:49:56Z
@itortilo,"Kalo saya sebisa mungkin work life balance sih, selama gaya hidup normal² aja, enjoy aja, itu kalau saya.",0,2026-03-28T10:49:53Z
@bobbychristiano9098,"Bang Bahas Kaum Yahudi Haredi Ultra Ortodoks bang, Umat manusia yang paling ditakuti di seluruh dunia, yang jadi bangsa kesayangan bapak Netanyahu sii papa kesayangan kita 😂",0,2026-03-28T10:49:46Z
@jonathantwilight619,"Yang mendukung 996 ya mereka yang punya perusahaan gede biar biaya operasional kecil, usual suspects 😂",0,2026-03-28T10:47:29Z
@haidarfadhilarahman2323,Berita lama,0,2026-03-28T10:45:18Z
@TabbyTasty,ironi juga ya negara komunis tapi diperbudak sama kapitalis😂,0,2026-03-28T10:13:55Z
@kakilangit114,"Nggak usah jauh-jauh, di Indonesia banyak yang lebih parah dari itu. Jam kerja lebih dari 12 jam, tapi upah dibawah standar 😢😢😢",1,2026-03-28T10:03:02Z
@eLDapur,jam kerja gw 64jam perminggu :),1,2026-03-28T09:55:07Z
@masbethfvck5269,"halah, di indo juga gitu, ada aturan UMR tapi banyak perusahaan g ngikutin gara2 semua pakai sistem outsourcing/mitra
kalo karyawan nya protes, langsung di teror kiri kanan wkwk",1,2026-03-28T09:53:14Z
@pauziibrahim9180,12:47 memang lah dia ckp macam tu dia tu boss...bukan bawahan...cuba dia tu bawahan sya rasa dia tak kan ckp macam tu punya🤦,0,2026-03-28T09:39:17Z
@rakamarhaba9266,Kita tidak perlu kerja keras jika sumberdaya alam kita tidak dirampok dan tidak dikorupsi,0,2026-03-28T09:36:49Z
@desaimpian2685,"Saya kerja di BUMC dan itu biasa gaji saya tahun 2024 bisa sampai 7.8jt padahal UMR daerah saya 2.8jt di tahun itu dan itupun masih tanpa insentif dll,,,, kerja 12jam sehari dan hanya saya gak mau ambil lembur hari libur pas ketemu libur pas hari Jumat",0,2026-03-28T09:35:32Z
@faisalramadhan8793,lah di swasta indo sudha begitu wkwk,0,2026-03-28T09:20:10Z
@abdiwirananda3703,kerja yg bnr itu brpa jam sih?,0,2026-03-28T08:46:45Z
@ArdaRazaq,"MEREKA YG SETUJU PADA SISTME 996 ADALAH ORANG ORANG YG UDAH KAYA JADI MEREKA TIDUR AJA MASIH NGEHASILIN DUIT , DAN NGOMONGIN SOAL SUKSES BERAPA PERSEN ORANG YG SUKSES SETELAH MENERAPKAN SISTEM KERJA 996,YG ADA PEGAWAINYA BAKAL MATI PERLAHAN DAN PEMILIK PERUSAHAAN TINGGAL NYARI PENGGANTINYA,KERJA SEWAJARNYA KARENA KESEHATAN JUGA PENTING",28,2026-03-28T08:33:02Z
@Putra-ys1qp,gua yang sering 15 jam sehari..,0,2026-03-28T08:30:00Z
@kend_1706,ART sama babysitter gimana tuh?,1,2026-03-28T08:28:58Z
@fisalbriyan441,Gak usah jauh jauh di china Indonesia juga banyak kayak gitu udah 996 bayaran di bawah umr,0,2026-03-28T08:27:12Z
@borsamingo650,"sampe sekarang gua juga bingung, kerja keras tuh yang kaya gimana ?😂",1,2026-03-28T08:01:36Z
@airajianzhy,Sangat tidak relate dengan Gen-Z ya😅,0,2026-03-28T07:58:12Z
@bagusseptiawan5409,"Komun*s rasa kapitalis. China tdk seindah kenyataan.
Kemajuan china sangat hebat tp dibaliknya banyak pekerja yg diperas tenaganya untuk menekan biaya pengeluaran untuk kepentingan elit dan petinggi²nya.",1,2026-03-28T07:56:55Z
@haya000147,Sistem 996 sudah diganti menjadi 696,0,2026-03-28T07:49:42Z
@OwenApriliu,Hhhh diindonesia juga bnyk bg yg 12 jam kerja libur cuma 2 kali sebulan,0,2026-03-28T07:47:57Z
@ikbark7331,Surabaya sistemnya gt yg bos chixxxxx,0,2026-03-28T07:45:48Z
@Fara234-w5p,"Mungkin ini juga alasan Beberapa Warga China yang malah banyak nganggur gaji kecil yakan dan beberapa juga ada yang kabur ke luar negeri🤣 
Bayangin aja lu capek capek usaha gede gedean wh ternyata gak di harga sakit men🗿☝️😿",1,2026-03-28T07:27:25Z
@is_this_over_yet,"Every Country Maniac ""Made in China""",2,2026-03-28T07:24:18Z
@Vall_Ey,"Maksudnya yg sukses atasannya doank, yg buruh mah tetep kismin 😂",0,2026-03-28T07:18:40Z
@ErenHildenbursg,"Di indo sebenarnya bukan 9-5, tapi 7-7",0,2026-03-28T07:14:27Z
@rismayufi,aku pernah kerja kyk gt di Indonesia. 777 malah. 😂 tp itu pas urgent bgt..,0,2026-03-28T07:10:31Z
@Yantoad1,Gak usah jauh ke cina .coba geh kerja di PT garmen indo,0,2026-03-28T07:05:47Z
@paijoe13,"Lha di indonesia malah 13hari kerja 1 hari libur atau dulu 14hari kerja 1 hari libur, itu jam kerja 2shif brrti 12jam kerja sehari.",0,2026-03-28T07:01:40Z
@zn-id,"setiap orang punya batasnya masing-masing ada yang cuma bisa kerja 3 jam sehari, 6 jam sehari, 10 jam, 12 jam. Normalnya di angka 5-8 jam sehari untuk kantoran dan bahkan masih banyak yang bekerja 9-11 jam bahkan 24 jam di pasar tradisonal. Kenapa Jack Ma & Richard Liu bilang begitu? tentunya di sisi lain karena untuk kepentingan perusahaan dan di sisi lainnya lagi mungkin mereka sudah pernah bekerja lebih keras dan berasumsi orang yang menolak = pemalas. Dari sisi gw pribadi kata ""Pemalas"" yang di sebutkannya kurang tepat karena balik lagi setiap orang punya batas kerja optimalnya masing-masing. Jadi intinya 19 juta lapangan kerja dulu yang harus ada baru bisa sistem 996 china di terapkan di sini 😁😁",0,2026-03-28T06:53:42Z
@udangdarat123,"ah baru segitu doang, di indo lebih dr 996 mah tp gaji miris 😂",0,2026-03-28T06:49:13Z
@lalafauziah3566,Jack Ma sm Richard Liu ngomong gitu karena mereka pengusaha bukan pekerja😅,0,2026-03-28T06:44:03Z
@fandy69,"Kukira meme ""bos gw cina"" cuma dongeng ternyata betulan 🗿",0,2026-03-28T06:43:39Z
@gun2592,Saya yakin bos indo sekarang niru cina,0,2026-03-28T06:40:33Z
@herimunir9366,"Bahkan pada kondisi banyak kerjaan akhir tahun, ada pabrik indonesia yg sehari 10 jam (2 jam lembur), sabtu minggu masuk 8 jam. 66jam seminggu, krn memang    kerjaan sedang tinggi orderan. Tp paling 1 bulan.",0,2026-03-28T06:37:46Z
@dyanrb4876,"Aku menyebutnya ""Perbudakan Tersistem""",3,2026-03-28T06:32:08Z
@jeffrimuliawan,Tanya ama karyawan huawei dan zte dan perusahaan2 cina lainnya di Indonesia,0,2026-03-28T06:31:27Z
@nurlilaadriyanti5289,lah gua brangkat jam  6 pulang jam 6 juga,0,2026-03-28T06:30:25Z
@DjingFei,kok ada pemerintah dengerin rakyatnya,0,2026-03-28T06:25:43Z
@MijiTarji-j5e3k,"Yg nolak 996 kebanyakan bos  yg doyan meras tenaga njir..
klo mw karyawan loyal, pemimpin juga harus loyal",0,2026-03-28T06:20:58Z
@FMkllg,"Y gpp kalo kerja lembur yg penting bayaran sesuai, lah kalo cuma suru lembur doang mah ogah njir😂😂, mau di katain pemalas pun bodoamat",0,2026-03-28T06:16:28Z
@donquixote_sudiro8982,"Emang Jack Ma ga takut yah kalo kerja 996 menyaingi dirinya,??",0,2026-03-28T06:12:50Z
@febiyandra1228,Kerja keras bg 💪,0,2026-03-28T06:05:26Z
@idunno-s2z,Pantas sering kali drama CEO ditayangkan,0,2026-03-28T06:02:46Z
@AnaAprilia-m5t,nih si koi draftnya di keluarkin semua jir wkwkwk,1,2026-03-28T05:50:46Z
@FikriNoviyanFirdaus-w7r,Wow,0,2026-03-28T05:44:29Z
@danilanyung2973,"Jauh"" ke China. Di konoha juga ada banyak😂",0,2026-03-28T05:43:37Z
@ImamBukhori-nq3wy,Halah diindo sama banyak juga orang kerja lembur contohnya banyak,0,2026-03-28T05:43:14Z
@adityapriandana,"kami kerja di smelter perusahaan china di maluku utara, 12jam kerja dari jam 7 pagi ke jam 7 malam. itu kalo normal tapi biasanya lembur terus dikasih😂 . terus roster 13hari kerja, 1hari off apa gak meledak😂",0,2026-03-28T05:40:34Z
@trianita_himawari,"Halo, salam dari aku pekerja di lingkungan pemerintahan dengan jam kerja 60 jam per minggu 😅",0,2026-03-28T05:39:42Z
@RizkyAgustiana-f1u,Aku selalu bilang lembur bilang ke istri tapi bener nya karaoke sama temen temen,0,2026-03-28T05:21:27Z
@BapakParaWibu,Gw OB 12 jam sehari senin - jumat gaji UMR gapernah ngeluh 😂🎉,1,2026-03-28T05:20:18Z
@ANOMALTALKS,"jauh jauh ke cina bang, di cikarang juga kan gitu, bedanya 7 ke 7",0,2026-03-28T05:18:30Z
@manusiamawasdiri,Pengalaman kalian di indo gimana teman teman,0,2026-03-28T05:14:49Z
@RandomOnly-it2ex,Semua itu tergantung tujuan prioritas sebuah negara.. kalo negara itu pengen kaya ya dilanjut ngga papa.. tapi kalo pengen sejahtera harus dipertimbangkan..,0,2026-03-28T05:13:55Z
@Cuarxy,"Kerja banyak lembur mah kalo bagi gw fine fine aja asalkan sesuai dengan gaji yang dikasih, kalau gak sesuai ya buat apa lembur. Prinsipnya ya ""Mereka bayar gw dengan duit dan gw kasih waktu gw buat mereka""",1,2026-03-28T05:11:38Z
@ashalexander2955,"Intinya budak korporat, negara maju sebenarnya adalah pengusaha kaya maju dan berkuasa, dan penguasa yang sangat berkuasa, sedangkan rakyat seolah olah makmur tapi sesungguhnya sudah menjadi budak modernisasi",1,2026-03-28T05:02:34Z
@justinhikari1831,"budaya kerja yang Toxic di Asia dari dulu gapernah ada solusinya, ujung2nya cuma jadi berita.",2,2026-03-28T05:02:18Z
@Anggota.Anonim,"Kalo disini ada gw jga minat bg ga ngapa"" in di itung lembur😂, biasa lembur aja mlh di tanyain kemarin lembur in apa😂",0,2026-03-28T04:53:55Z
@renyindaryati591,Koi..suara lu ngangenin,0,2026-03-28T04:49:56Z
@achmadmoveit8121,"12:33
12:47
Emang yang udh ngejalanin sistem kerja 996 ini udah sanggup beli roll royce phantom? udah punya villa luxury di monaco?",0,2026-03-28T04:39:02Z
@syifakoes7312,"Sepulang sekolah tuh, beberes friendly. Apapun beberesnya sukak banget sambil maraton, terutama nyetrika 🤣",1,2026-03-28T04:36:01Z
@herjs7425,"Saya sgt setuju 996, asalkan uang lemburannya sesuai dan  gaji dibayar tepat waktu",0,2026-03-28T04:34:24Z
@SetyoPras-n7j,""" Etos kerja orang China Sangat tinggi ""
Ya, betul sekali !!!
Temenku banyak dari China, kita sama"" bekerja di proyek salah satu perusahaan konstruksi. Gaji harian, tapi semangat kerjanya macam kerja borongan dan itupun penuh tanggung jawab.
Itu bukan sebagian orang China, tapi sebagian besar memang seperti itu 👷",0,2026-03-28T04:30:31Z
@Szkgsx15,"Kerja keras kaya kagak, minimal gaji 2 dijitlag 996 kalo di wakamda",0,2026-03-28T04:30:22Z
@Anonim-t6e,Buset sampe ubanan padahal masih muda😢,0,2026-03-28T04:25:57Z
@PINJAMDULUSERATUS-gn9zy,kalian pilih kerja penuh tekanan dan punya sistem gengsi oligarki yg tinggi seperti orang asia timur atau pilih kerja nyantai dan gak memiliki sistem gengsi oligarki seperti orang eropa ?,0,2026-03-28T04:22:02Z
@AmirSamsuri-io8jc,👍,0,2026-03-28T04:21:41Z
@achmadmoveit8121,Kerja 996 kalau setahun bisa beli rumah ga masalah buat gwehh,0,2026-03-28T04:14:28Z
@MikoTriwibowo,"china itu adalah definisi dari pepatah ""jangan lihat buku dari sampulnya"", china udah kayak kota maju tapi rakyatnya banyak yang susah termasuk tingginya biaya hidup tapi pendapatan rata2 disana cuma bisa bayar setengah dari biaya hidupnya itu sendiri",0,2026-03-28T04:05:38Z
@Ceeeeeeeb-s7b,"Untuk apa negara maju kalo hidup gak bahagia. 

Untuk apa gedung gedung tinggi kalo kita hidup di kamar sepetak.

Gua merasa bersyukur tinggal di negara indonesia, kita emang gak semaju china. 
Tapi kita masih punya waktu luang untuk kumpul sama keluarga, untuk nongkrong sama temen, untuk berlibur di sela sela waktu.",1,2026-03-28T03:50:34Z
@ocolzkurniawan4425,12:26 masih idup lu tong,0,2026-03-28T03:41:26Z
@nisya-k1o,"pernah kerja di bumc dan sistem kerja 996 ini diterapkan, bener bener exhausting😢",0,2026-03-28T03:29:47Z
@rizkipaledang,Gue milih 996 tp lembur dibayar,0,2026-03-28T03:14:11Z
@fernandaeffendi8580,"Jack Ma dan Richard Liu ngomong gitu karena dia pemilik modal. Kerja keras emang betul, tapi kalau upah atau kesejahteraan pegawainya bobrok ya gilak aja kalau 996 masih diinginkan pegawainya.",0,2026-03-28T03:08:48Z
@adnyatask5073,di indo jam kerja panjang gaji penek wwkwkwk mending ke cina udah,0,2026-03-28T03:04:28Z
@ALin_AQR,kerja keras bagi yg punya ambisi meraih tujuan.... bagi yg hanya skedar mencari nafkah tuk mencukupi hidup ya baginya itu tenaga diperas 😊😊😊,0,2026-03-28T02:57:44Z
@idoobenk2477,Gw kerja 776 jirr🗿,0,2026-03-28T02:54:13Z
@sugengriyono2739,"Kerja biasa, tapi gaji lembur... itu yg enak. 😂",0,2026-03-28T02:53:10Z
@muhammadihwanudin,Si panca sistem kerjanya gimana bang?,0,2026-03-28T02:50:24Z
@Takaya09,"Kalo emang gaji + efektivitas kerjaan makin bagus sih gpp dah. Setau gw orang kalo kerja di lingkungan kaya gitu bukannya makin suntuk + produktivitas malah makin menurun kalo makin lama bekerja, itu sih menurut pengalaman gw ya, apa lagi ada tekanan dari bos + waktu, mungkin beda kalo kerja di kantor google😂",0,2026-03-28T02:49:01Z
@vbnm7798,2020 sy pernah kerja 12 jam sehari dan itu emg capek kyk ga ada kehidupan pulang istirahat bsk nya kerja lg 😂,0,2026-03-28T02:48:48Z
@Letprime,"kalo yang kantor okelah, klo yang di area produksi. 🔥🔥🔥",0,2026-03-28T02:48:44Z
@FaridhaArist,"Disana diharuskan lembur, dan dibayar,disini dikota ini lembur dibatasi bahkan dilarang karena alasan efisiensi pengeluaran perusahaan. Heheee...",0,2026-03-28T02:46:14Z
@indriawan1471,"Sebagai karyawan stop , sebagai pemilik perusahaan gass,, 😅",0,2026-03-28T02:37:50Z
@tunggulgusang1008,"sistem ini yang diadopsi oleh pengusaha2 indo (you know who) sekarang dengan kerja overwork, no pay overtime dan multi job atas nama loyalitas dan rasa kekeluargaan
woy namanya orang kerja itu cari penghasilan untuk keluarga bukan untuk jadi abdi orang lain atau cari keluarga baru",0,2026-03-28T02:21:06Z
@a.apriliana,"Gua prnh kerja sm cindo 😂
Jd itu foodcourt kawasan bandara soetta. Gua waitress. Masuk jam 9 lambatnya stngah 10. Closing jam 8 😂 slsai kira2 8.20 atau stngah 9. Smpe rumah jam 9


Gaji perhari 70rb perhari, dpt brp bulan naik jd 80rb perhari krna karyawan lama minta naek gaji. Libur 2minggu sekali.
Cici nya baik sih. Toleransi juga. Cuman gua gak kuat. Ongkos pergi pulang plus libur 2x doang dlm sebulan. Bertahan cuma 10 bulan.",0,2026-03-28T02:19:04Z
@Vikriansyah-k8v,"Bang bahas konvoy truk sepanjang 1km , yang menganggut mayat di sudan dong",0,2026-03-28T02:18:12Z
@MuhammadMisbahulMunir-o9c,biasanya kalo udah di titik terendah bakal muncul sistem,0,2026-03-28T02:07:19Z
@dewidamayanthi6683,"kerja boleh lama tapi jangan ngorbanin kesehatan, kalau menurutku kerja selama itu di china, mental ga bagus sih, kita perlu juga ngabisin waktu buat keluarga, apalagi kalau udah punya anak, liat tumbuh kembang anak itu sangat penting, jadi waktu berharga bgt",0,2026-03-28T02:06:51Z
@toniyang3739,"Bos 996=Ganti mobil, Karyawan 996=Ganti kulit 🗿. Akal2an konglo aja itu mau enaknya aja 996",0,2026-03-28T02:06:50Z
@irsyadproject99,"di indo juga banyak nih kek gini, lembur cuma di bayar nasi goreng😂😂😂",1,2026-03-28T02:06:41Z
@sunardi8211,"Sistem 996 bisa mempercepat kesuksesan perusahaan.
Inget kesuksesan perusahaan bukan kesuksesan pekerja 😂",0,2026-03-28T02:02:22Z
@rhezaerdiansyah6260,"Welocome to indonesia, 12jam 6hari kerja",0,2026-03-28T01:58:40Z
@sumberberkahTV,"Bersyukur kerja di indonesia, walau upah cuma 2000 - 5000 saja, cuma modal pluit, jam kerja flexible atur ma rekan, setidaknya malem bisa clubbing, sebulan bisa nabung beli vespa matic, dan alhamdulilah udah kerja setahun akhirnya bisa beli pajero sport cash lunas.. sekarang target biar bisa kpr rumah aja dan ngumpulin modal nikah.. intinya segala pekerjaan harus disyukuri, dan saya bersyukur bisa lahir di negara hebat seperti indonesia, amit amit lahir di negara komunis😅",0,2026-03-28T01:57:08Z
@ariefjati4545,"Budaya 996 itu sebenarnya justru merugikan perusahaan juga karena harus membayar lebih biaya operasional seperti biaya lembur, sewa gedung/tenant, listrik, air, gas, dll.",0,2026-03-28T01:56:47Z
@rhrdtgh,Percuma dulu demo yg diperingati hari buruh untuk kerja 8 jam tapi sekarang malah gak dipake 😂,0,2026-03-28T01:55:02Z
@agungpramana7900,"Di Bali jg ada tuh dulu, kantor yang pegawainya sengaja disuruh lembur  sama pimpinan project dan nungguin bawahnya kerja bahkan sengaja nyuruh bawahanya lembur lama2 agar dia ikut dapet uang lembur bnyk (maklum jam lembur beda harga) parahnya dia tidur dulu. Njir kalo di inget2 parah bgt tuh pimpinan project malah dia nunggu sambil tidur lagi",0,2026-03-28T01:52:19Z
@bayusaputra-v7b4u,"Disini juga ada kok bang, bukan lagi 12 jam, sya pernah 16 jam tiap hari selama bertahun tahun, ini salah satu perusahaan raksasa di indo malah",0,2026-03-28T01:50:23Z
@gpandita,di konoha.. sekelas BUMN lembur hanya di bayar nasi bungkus,0,2026-03-28T01:50:21Z
@raizaabdurazak9124,jangan jauh2 bang. fi Indonesia juga banyak. sukabumi bnyak garmen klo berangkat jam stengah 6 pagi pulang jam 6 sore. kedok lembur tapi sbnarnya eksploitasi,0,2026-03-28T01:26:31Z
@Iyan_zy,Kalo keliatan serba bisa Mala Tambah kerjaan bukan gaji anj,1,2026-03-28T01:25:28Z
@fajarimanisatrioajiramadha5146,"Realitanya

Durasi panjang, pekerja = 🤬
Durasi panjang, siswa = 🥰",0,2026-03-28T01:24:18Z
@Nathannirvana,Budaya ko lembur 😂,0,2026-03-28T01:23:22Z
@asepdarmawan9645,diindo juga sama 😂,0,2026-03-28T01:23:11Z
@cendolisme1928,"Enak mah hidup setengah nganggur, akal2an kapitalis nyuruh kerja Mulu.",0,2026-03-28T01:20:08Z
@cendolisme1928,Ampas dunia,0,2026-03-28T01:17:40Z
@uchujinseed,Di tempat gua dulu dari jam 9 sampai 11 kaya kaga tipes iya,0,2026-03-28T01:15:10Z
@seasnake6351,1,0,2026-03-28T01:02:35Z
@HiiitsKimmy,Apa yang gue rasakan d tempat gue kerja skrg,0,2026-03-28T01:00:01Z
@rikiabdillah1170,"Gak seberapa sih 
Tempat kerja gua sistem nya
887 🤣",0,2026-03-28T00:51:41Z
@acalapanji4198,mungkin disana emang gara2 udh di press ya si 669 ini makanya pindah indonesia kali ya si BUMC ini🤔 kerja 9 jam masi dikasi lembur 2 jam gara2 ga target (Di paksa lembur sukarela),1,2026-03-28T00:46:11Z
@kzak23,"Gw kerja di pabrik jepang yang dimna jam kerja nya semua udah diatur termasuk lembur. Untuk jam kerja biasnya itu dari jam 8.00-17.00. trus untuk lembur semua nya sampai jam 19.00 gak lebih gak kurang dan setiap pertengahan tahun dapet bonus tergantung selama kita kerja sering memenuhi target atau tidak paling kecil 10juta untuk pekerja biasa kayak gw. Untuk shif malam jam kerja nya dari 19.00-05.00 gak lebih gak kurang dan shif malam gaji nya lebih gede. Tapi ini beda beda sih kayak di perusahaan temen gw jam kerja harus nya sampai jam 5 tapi pas mau pulang di tanya kenapa udah mau pulang padhl kan ya udah jam nya ya, bersyukur banget sih dapet perusahaan baik kayak gini",0,2026-03-28T00:45:08Z
@hdhereyo,9:09 tau tau KRU tv nya juga ngalami nasib yg sama 😂😂😂,0,2026-03-28T00:44:04Z
@SahrulHalik,Hidup apa?😂😂,0,2026-03-28T00:30:27Z
@Apipmantap-e7f,Tidak memanusiakan manusia kalo gada bonus kerja lembur mah,0,2026-03-28T00:28:52Z
@AliezF2PGenshin,Di Konoha kerja jam 6 pagi sampai 10 malam cuma digaji 2-4 juta,0,2026-03-28T00:27:01Z
@maximillianusforrest,"Jijik banget sama Jack Ma dan pemilik JD.id. Yang banting tulang siapa, yang menikmati sukses siapa.",2,2026-03-28T00:25:30Z
@Febeww,"walaupun jam kerjanya diatur, tapi klo beban kerjanya masih banyak, ya mau nggk mau karyawan tetap lembur. dan sedihnya nggk dibayar, malah kadang dianggap jadi karyawan yg ""nggk bisa ngatur waktu, makanya bnyak kerjaan yg numpuk"". emang kerjaannya banyak.....",0,2026-03-28T00:21:37Z
@rennqii21,Keknya di Indonesia beberapa perusahaan China juga ada yg 12 jam sehari,0,2026-03-28T00:21:25Z
@evannnn1954,"bang bahas kapal indonesia ga boleh lewat selat hormuz,iran nahan 2 kapal pertamina karena pada tahun 2021 indonesia nahan kapal iran",0,2026-03-28T00:21:17Z
@imaji-15,"Yang paling lucu sebenarnya orang2 yg suka bandingin dg ngeliat gaji mereka terus di konversi ke gaji sini. padahal mereka hidup disana dan bahkan mereka cm hidup dari gaji ke gaji plus tuntuan pajak yg tinggi, itu knp tingkat depresi dan bundir tinggi. ga ada negara yg bener2 surga dan ga ada negara yg bener2 neraka, semua negara punya masalahnya masing2.",1,2026-03-28T00:17:28Z
@IhHu-v5f,Hongkong sekarang full china,0,2026-03-28T00:08:00Z
@ameliahendayanihidayat9747,Ini mirip nih sama br1 beberapa tahun belakang wkwkwk,0,2026-03-28T00:03:24Z
@anangriduan267,"🤔Hmm model kerja 996, kebetulan saya menjalani model kerja 6614 😂",0,2026-03-27T23:52:21Z
@yzcmiw,"Kerja di Indomaret masuk jam 7 pagi, jam ½6 wajib udah login kasiran, alhasil berangkat dari rumah kadang sebelum subuh, sampe toko mau solat aja susah udah di suruh-suruh sama senior toko.
jam pulang pun sama gila nya, masuk jam 7 harusnya pulang jam 3 sore, ini malah suruh bantu bongkar muat barang, bantu isi etalase toko, bantu beres-beres gudang, bantuin sih tapi pulang jadi jam 6 sore bahkan jam 7 malam. coba itu udah berangkat dari rumah jam ½5 pagi pulang2 dari toko jam 8 malam, gaji UMR sih tapi tiap hari kalau ngasirin minus wajib ganti minusan hari itu juga, belom lg tiap bulan atau lagi ada StockOpname beuh nombokin barang yg gada di toko akibat Dimaling konsumen atau bahkan teman kerja sendiri maling ny, baru ketauan pas ada SO.
PERUSAHAAN JUGA TUTUP MATA SOAL KELUHAN ANAK TOKONYA, pemerintah juga dinas terkait nya kena suap juga pro pengusaha, belom lg ada main gila, antara anak toko dengan atasan entah kepala toko spv atau manajer area, dari pelecehan badan sampe adegan wikwik di gudang toko atau hotel melati.
di Indomaret itu nomor 1 loyalitas tanpa batas, kalau belom mati dan ga dibayar lemburan, Indomaret nomor 1. udah jumping shift ga ngotak, loyalitas berjam-jam ga dinitung lembur, eh pas gajian kena potongan barang ilang Dimaling.
silahkan kalau ada keluh kesah soal jam kerja yg ga ngotak.",0,2026-03-27T23:38:58Z
@afifliction4210,Kebetulan lagi ikut kerja di gudang importer dari China,0,2026-03-27T23:36:29Z
@rapphiel6139,mirip sih sama indo (di kelas kuli).. wkwkkwwk,0,2026-03-27T23:21:56Z
@FaiiRifai,Gw 997 malahan sampe gejala tipes,0,2026-03-27T23:18:19Z
@dm_sandy_007,"di endonesa ada beberapa yg kayak gini. ditambah pake doktrin ""gaji 5 juta tapi beban kerja seperti 10 juta, maka sisanya akan kembali dalam bentuk sehat, pahala, dsb"" 🗿

11:55 astaghfirullah kaget banget

666: angka syaiton
996: perusahaan syaiton
🗿",0,2026-03-27T23:07:37Z
@newser7652,"Bahas media Indonesia bg yang berlebihan banget ngasih info. 
Yang ketar-ketir lah, yang rata lah, yang anulah, yang inilah. 
Lama-lama bisa pembodohan bangsa ini. Kasih info apa adanya kek.
Edukasiin dulu bg biar publik mikirnya secara logika nyari informasi kongkrit dan tidak menelan langsung sebuah informasi 
Sekelas kompas, tv one, metro juga udah mulai ngawur judulnya. Segitunya banget yah nyari penonton",0,2026-03-27T23:05:46Z
@Amazu.ch.,"Gw kerja dari jam 7 pagi sampe jam 8 malam tiap hari. Yah demi gaya hidup 😂
Tp bener sih ngerusak idup. 
Tiap pagi daily Genshin&BA --> kerja --> main game konsol --> tidur. Gtu aja terus.
Minggu full matikan hp.",0,2026-03-27T23:04:41Z
@luluamanda22,"Lah perusahaanku udah ngalahin China. Masuk jam 7 plg jam 9 atau 10 malam. 6x seminggu. Bhkn kadang Minggu masuk kerja. Gaji UMR 🤦🏻 no uang lembur. makanya akhirnya 4thn kerja gue resign Krn gagal naik pangkat, saingannya org dalam anak wakil Dirut. Huhuhu",1,2026-03-27T23:00:39Z
@hawiweah,Ada kok di indonesia aku 12jam kerja sehari 😢,0,2026-03-27T22:56:57Z
@asataa-fz2vf,"996 tp pegawai ttp miskin, setelah 5 tahun badan sakit²an g bisa kerja lagi 😢
Ingat bre, ada tuhan yg perlu di ibadahi, ada keluarga yg perlu diurus",0,2026-03-27T22:35:04Z
@mirugin,"yang lucu yang ngedukung malah para pengusaha, ya iya karyawannya pada kerja 9-9-6 dianya santai di penthouse, dia dulu 9-9-6 bisa jadi kaya, karyawannya 9-9-6 jadinya gitu2 aja yang makin kaya dia..",0,2026-03-27T22:33:43Z
@yanwargimang,negara komunis yang kayaknya lebih condong ke kapitalis,0,2026-03-27T22:25:02Z
@masykur87,di indo uda mulai trend kyk gini...,0,2026-03-27T22:22:38Z
@AsepBadang-b3x3b,"Jangan terlalu berlebih-lebihan dalam mengejar dunia, dunia hanyalah sementara, akhirat adalah yang abadi",1,2026-03-27T22:15:19Z
@dandiramdani3016,"Sdm indo adalah salah satu sdm tersantai di dunia😅,jadinya ini negara berkembang menuju negara majunya lambat jadi negara mundur pun ya nggak.Intinya balance/seimbang.Slow aja nikmatin hidup,jadi negara maju or masih berkembang pun semua akan binasa pada akhirnya",2,2026-03-27T22:13:55Z
@Johan1994-,output lagi😂,1,2026-03-27T22:10:27Z
@Johan1994-,ada gak yg kerja 12jam +3=15 per hari😂Ayo nongkrong,0,2026-03-27T22:06:42Z
@bregaswahyumulia8479,Sing sogeh bos e,1,2026-03-27T21:51:51Z
@bincangperencanaan,"gua dengar ada backsound: HIDUPPP
WKKK",0,2026-03-27T21:16:18Z
@Brad_Rob27,Bukan tentang jam kerja tapi tentang wani piro.. 😂 gue mau kerja bahkan 16 jam pun sikatt asal bayaran nya sesuai 😂😂,0,2026-03-27T21:10:47Z
@WoodMarine,"Sistem Kerja 996 Bikin Orang"" Cepet Sukses? Sukses untuk siapa dulu Sukses Untuk perusahaanya Iya karyawanya Pada Cepet Mati Muda Karena Hidup Bukan Cuma Tentang Kerja dan Uang",0,2026-03-27T20:59:52Z
@Hevin14-xp9tm,Pertahankan bang... system kerja 996 biar makin berkurang populasi orang China karena tekanan kerja terus bundir dehh...🤭🤭,0,2026-03-27T20:18:19Z
@franescaathenaaufaa,"Jujur gw juga sebel sama overtime karna dulu gw juga ngerasaain, mereka senior bilang namanya waktu solidaritas tapi buat junior namain nya waktu senior. 30menit okelah 1 jam soso lah ini 2 jam overtime setiap hari gila 😂",0,2026-03-27T20:11:00Z
@yozzz15,"Negara maju pun belum tentu sejahtera ternyata. 
Apakah ada negara maju yang sejahtera ?",0,2026-03-27T20:08:41Z
@jully5266,"Gw 24 jam kerja nya di bagian teknisi ms , perbaikan internet",0,2026-03-27T20:02:34Z
@hirmawati5857,Sy dulu pernah kerja ma perusahaan punya China spore...kerja dari jam 8 pagi sampe jam 10 mlm dari Senin sampe Jumat dan Sabtu masuk dari jam 8 pagi sampe jam 4 sore total 72 jam dluar waktu istirahat...dan g bisa pegang hp..tiap pegang hp lgsg dliatin...kerja ngurusin pajak 14 perusahaan dan seorg diri...hny bertahan beberapa  bulan aj walau gaji dan bonusnya gede...g bisa menikmati hidup. Apalg sy bukan tipe yg workaholic 😂,0,2026-03-27T19:20:42Z
@kiyoshiichijoo,"Kerja keras
Atau 
Tenaga di peras",0,2026-03-27T19:03:01Z
@RianJenas,"Ada perusahaan multinasional di jabar, pekerja OS nya kbnykn kerja 16 jam 🤣",0,2026-03-27T18:50:45Z
@erwinahmad7213,Dari jam 9 pagi sampe jam 9 mlm aja klopun lembur ada hitungan nya pengaruh juga ke kesehatan dan mental,0,2026-03-27T18:16:36Z
@fajaranwar2368,gw yg kerja di restoran (pemilik orang cina) kerja nya 12 jam 6 hari😂,0,2026-03-27T18:12:07Z
@AhmadJailani-w7t,Kalau tiap hari bisa stress manusia bukan hidup buat mengapdii sama lu aja boss apalagi China kalau dibayar sih mending tapi kadang-kadang gak dibayar terus dimana keuntungan nya mending hidup bersama alam di desa semua makanan ada dari pada sama China,1,2026-03-27T18:11:45Z
@IneZ_Aza,perbudakan modern,0,2026-03-27T18:10:08Z
@dennysetiawan553,kebanyakan ngeluh harusnya bersyukur aja belum digantiin ai kerjaannya.. hahaha,0,2026-03-27T18:10:02Z
@estehatis8211,*,0,2026-03-27T17:57:42Z
@irpanseptiawan9030,Hidup,0,2026-03-27T17:45:48Z
@nanachan1187,"jam kerja karyawan gudang online shop itu 12 jam. dc cakung,dc bekasi, dc depok sama aja.",0,2026-03-27T17:24:45Z
@AsriMul08,"Suami saya dulu mengalami hal itu . 
Di perusahaan Jepang yang ada di Cikarang. Jam kerjanya jam 07.00 sampai jam 19.00  Liburnya  cuma hari Minggu doang  . Jadi  jam 04.00 suami saya sudah mulai mandi dan siap siap . Jam 05.00 berangkat kerja . Lalu pulang kerja sampai kerumah udah jam 20.00  . Berangkat gelap pulang gelap  . Berangkat kerja anak belum bangun , pulang kerja anak sudah tidur. Waktu ketemu keluarga cuma hari Minggu .",0,2026-03-27T17:23:07Z
@rdho_frdausss,Bang bahas thr kenapa cmn wajib di negara kita😂,0,2026-03-27T17:17:20Z
@ZhalikhaArvina,"Mending ada liburnya seminggu sekali, lah saya sebulan sekali liburnya 997",0,2026-03-27T17:17:00Z
@nanangprastyawan8070,"Saya di indo, kerja 6 ke 6, 13hari kerja 1 hari off.",0,2026-03-27T17:15:52Z
@akunformalitas,"Saya waktu di offshore juga shiftnya 12 jam, tapi kerjanya terukur agar tidak melanggar HSE karena industri offshore itu prioritasnya adalah safety alias keselamatan kerja jadi tidak ngotot harus genjot produksi, tapi enaknya kerjanya 12 hari full di laut, 12 hari libur, gaji utuh ditambah bisa usaha sampingan di kampung saat off",0,2026-03-27T17:06:58Z
@Rumsikah-g5v,kesuksesaan perusahaan ama bikin kaya bos nya karyawan sakit kaya mesin 😢😢,0,2026-03-27T17:00:56Z
@AsepWahyuddin-w1z1o,"Yang mendukung 996 adalah para bos perusahaan 😂 ya wajar lah,para bos kan gak ngerasain perihnya jadi karyawan kecil dengan hidup pas-pasan,para bos biasanya bergelimang harta tinggal tunjuk dan suruh, selesai.",0,2026-03-27T16:59:43Z
@faishol.mubarok,"Pernah saya bahas ini sama deepseek, di tambah cara menghadapi libur panjang imlek, dan akhirnya deepseek gak bisa jawab. 😅. Jadi gak bisa belajar deh, padahal niatan saya mau menyikapi untuk jadwal kerja di bulan puasa ramadhan",0,2026-03-27T16:57:46Z
@wanea3760,"995 lebih baik,",0,2026-03-27T16:41:59Z
@JngDekYa,Di Indonesian lembur kaga ada uangnya 😂😂😂😂,0,2026-03-27T16:41:38Z
@Dahlah27,Ah kalau kompensasi gajinya gede sama bisa menjamin loyalitas dibayar sepadan mah masih enak enak aja.,0,2026-03-27T16:40:14Z
@ademaulana666,"Gua yg kerja seminggu 5 hari x 12 jam = 60 jam seminggu. Gaji stuk di 9,4jt dengan UMR 5,9jt. Di nikmati aja",2,2026-03-27T16:38:45Z
@Abdulaziz-z6r1x,"lah saya sekarang gitu kerja dari jam 8 smpe jam 11 mlem libur cman minggu mana udah 3 thun lagi, kegiatan sehari-hari trus sama tidur makan kerja",4,2026-03-27T16:38:12Z
@nathanalnoviandriputra8767,"Lahh itu mah jam kerja gw ituu, dan yapp BUMC (BADAN USAHA MILIK CINAAAAAAAAAAAA)",0,2026-03-27T16:32:41Z
@christinaangellia5365,Baru aja mikir.. kerja yg sampe ga ada waktu dan tenaga buat ngejalanin hal lain itu wajar ga sii... eh malah di validasi sama bg koi 😅😅,0,2026-03-27T16:27:16Z
@GearMotionID,Jadi inget dlu awal kerja di pbrik kayu china 😁 . . Senin - jumat  masuk stengh 8 pagi- pulang jm 9 mlm . Sabtu pulang jm 5 sore  .Minggu pulang jm 4 sore.  Kurang lebih 82 jm lh pernah full 1 bulan. Gk pernah libur😂  . . .dari awal masuk pakai baju ukuran 3xl setelah 3 bulan jadi ukuran M 🤣🤣 . . . akhirnya keluar krna ktnya pabrik mau pindah 🤣🤣 . . .,0,2026-03-27T16:25:12Z
@Onyankoponnn,"Di Indonesia banyak juga sih.
Di perusahaan saya kerja jam 7 pagi pulang jam 9 malam, itu dari senin sampai sabtu. Katanya itu jam overtime. Memang parah sih kerja ikut cina",0,2026-03-27T16:24:53Z
@VivoY21s-n8k,Di Indonesia jg banyak.... Klo di Indonesia di sebut long shift,0,2026-03-27T16:18:16Z
@kangreview9548,Lah gua kerja di pemerintahan 68 jam dalam seminggu,0,2026-03-27T16:01:44Z
@syifadzahabiyyah9133,Yg ngedukung 996 rata-rata yang punya perusahaan. Dimana perusahaan mereka diuntungkan dengan sistem tersebut.. yaa mereka mah bebas ya mau liburan kapan pun soalnya karyawannya yang kerja non stop 😊,0,2026-03-27T15:57:37Z
@ytsinaunen,"996 thu produk kapitalisme tulen klo komunis ga ngurus sampe ke bisnis mentok style pemerintahan (komunis pemerintahan yg munafik tolol krn ga da bedanya ma monarki n oligarki yg pasti otoriter)

klo sosialis pemerintahan seperti style kerja tata kelola pemerintahan ja yg cenderung pelayanan n kepemimpinan publik n sosial lalu efek masuk ke bisnis ...jd efektif ",0,2026-03-27T15:46:59Z
@tukangmintamaap7026,"Pernah aku di Bumc di Indonesia, begini juga. Anjir lah nyebut juga sistem ini katanya sistem para pekerja keras, untungnya aja aku resign. Stress bgt dah ikut BUMC model yg kayak gitu
 Stre",0,2026-03-27T15:41:43Z
@haikyuu212,"Sebagai seseorang yang bekerja di bidang IT.. 
entah kenapa, terkadang sering kali mewajarkan ""pulang malam"",  ""lembur tidur di kantor"" , atau tetep bawa laptop saat cuti.. bahkan ngeledek mereka yg pulang on-time.
apakah ini rasanya ter-""cuci otak""...?? 😅",1,2026-03-27T15:41:36Z
@tembokajaib,"""i'm not get paid enough for doing this""",0,2026-03-27T15:40:25Z
@athayaazhanabilhibrizi3086,"Intinya, sistem kerja seperti itu biar bos dan keluarganya bisa liburan keluar negeri tiap tahun pakai pesawat first class 😅",0,2026-03-27T15:38:32Z
@winaaliny6234,"Kadang mau gak mau juga sih bang, apalagi kerjanya ada hubungan dgn overseas karena nunggu beda jam kantor di negara lain",0,2026-03-27T15:35:47Z
@SuwanduWandi-ru8bl,Kaga aneh gue juga kerja dari pagi yampe Jam 9 malam biasa aja tuh,0,2026-03-27T15:35:07Z
@salamshinoby267,Di indo kebanyakan yg kerja begitu 886  bagian yg kerja di pabrik rata² begitu klau yg kerja di pabrik triplek 887,0,2026-03-27T15:34:59Z
@darmain.darmain,"Sebagai employer, ga akan mau bayar lembur buat karyawan gabut",0,2026-03-27T15:33:48Z
@haerinieekang,Tapi di indo jg banyak bgt dari sektor yg dibawah kerja 12 jam bahkan ada yg libur cuman 2 kali sebulan dan itu juga gaji jauh bgt dibawah umr,0,2026-03-27T15:28:57Z
@SKYREOS,makanya china invest besar2an di AI dan robot untuk mengatasi populasi penduduknya yg terus berkurang di masa depan,1,2026-03-27T15:22:50Z
@mochamadfirdausf.b506,Asal usul munculnya BUMC😂,0,2026-03-27T15:13:21Z
@EkasafitriEkasafitriani,"Kalau yang di korbankan kesehatan fisik, kesehatan mental dan keluarga lebih baik dikurangi jam kerjanya",0,2026-03-27T15:13:16Z
@romeocraft0145,Saya juga kerja 9 9 6,0,2026-03-27T15:08:26Z
@hazim_keipo11,Biasa aja kita di Indonesia juga gitu malah kadang lembur tanpa dibayar🤬,0,2026-03-27T15:03:42Z
@alparslankhaan1071,"Kalo mau hidup di Tiongkok slow living coba saja pergi ke Provinsi Xinjiang, Qinghai, Gansu, Ningxia, dan Yunnan, Biasanya sistem 996 cuma diterapkan di Kota2 Metropolitan di Tiongkok seperti Beijing, Shenzhen, Guangzhou, Qingdao, Shanghai, Nanjing, dll",0,2026-03-27T15:00:55Z
@Gedibal-001,"Pernah kerja dipabrik jaket duck down. Berangkat jam 5am-10pm, minggu masih lembur 07am-13pm. Bang koi koala, belum ngerasain?",0,2026-03-27T15:00:39Z
@kangCim0l,"Tapi emang bener, temen saya kerja di bytedance china dan kerja sampai jam 12 malam setiap hari. Padahal dia sudah menikah kasian dong ya pasangannya di anggurin kalau plg malam terus 😅😅",0,2026-03-27T14:57:23Z
@harysaidno4797,bukannya cina itu mayoritas partai komunis yg sangat vokal memperjuangkan hak hak kaum pekerja.?,0,2026-03-27T14:57:21Z
@tamzkruz2105,Konoha lebih keren jam 7-10 malam 😂😂😂😂,0,2026-03-27T14:55:02Z
@redstone682,"ya gak heran yang setuju mayoritas si pembisnisnya, si boss²nya. dan udah parah banget masalah 996 ini dan mulai di tiru dinegara barat, pernah kasus manager amerika dia pindah ke europe german dan menuntut bawahannya buat kerja 996, lembur hrus msuk, telpon diluar jam kerja harus diangkat, meeting mendadak berjam² harus ikut. dan pekerja lokal german ngepost tindakan manager ini dan lapor ke HR masalah ini dan benar aja habis di german orang america itu, dicaci maki, manusia mau dipaksa kerja seperti budak, kacau banget. sampe orang² german ngatain ke manager amrik itu kek ""sorry sepertinya lu gak paham aturan dinegara ini, dinegara lu mungkin lu bisa memperbudak orang tapi ini lu tidak berada di negara lu"". disitu gua bener² kagum sih sama orang² german, sama negaranya yg support banget hak pekerjanya, mau di sosmed banyak yg ngatain bangsa eropa ketinggalan jaman dibanding china, nyatanya gua orang china sendiri iri sama orang² eropa yg punya work life balance yg bagus, gua mending tinggal di german weekend bisa mancing bareng keluarga dibanding kerja di china yg katanya negara masa depan tapi rakyatnya dipekerjakan seperti budak.",0,2026-03-27T14:46:13Z
@raka_jati_indrawan,Itu yg CEO nya pd nyamar pd kena kerja 996 ngga tuh mereka? 😂😅,0,2026-03-27T14:45:29Z
@orangkaya4545,"HARUSNYA disertakan nominal gaji dalam dolar atau rupiah, jd gak bingung konversi",0,2026-03-27T14:44:03Z
@indahti3347,"Temen kerja china jam 2 pagi aja masih update kerjaan.. gila banget ampunn😢

Status sick leave aja masih response. Belum lagi cuti juga masih balesin chat kerjaan.",0,2026-03-27T14:42:46Z
@066_juwitamayaa.9,"Adaa kok, satu Fnb terkenal 24 jam cuma dua shift 12, 12  jam",0,2026-03-27T14:42:35Z
@KucingSalt,"Saran aja sebagai mantan karyawan di perusahaan china, sebisa mungkin hindari dah, bener"" Not worth it. Gw pernah kerja dari jam 7 - jam 11.30 cuma di anggap lembur 3 jam, itu pun masih mending di bayar lemburnya, seringnya kerja 12 jam gk di anggap lembur padahal yg nyuruh atasan langsung. Bener"" Kita di jajah secara industri di tanah sendiri.",0,2026-03-27T14:36:17Z
@luniramuqeeta1574,"Nyatanya d indo jga msih bnyk yg kerja 996,dg gjih d bawah umr",0,2026-03-27T14:33:47Z
@anboksing,Makan tuh dunia,0,2026-03-27T14:26:39Z
@GreyHood-b5f,Jika US terapkan 996. Maka semua karyawan yg di amrik pasti senang. Karena di US kan gajinya per hour. Bayangin 72 jam dikali $20-25. Penghasilan bisa naik lebih dari 50%,1,2026-03-27T14:25:04Z
@erikon7,"Gw pernah bekerja di perusahaan multinasional china, untunglah sistem itu tidak dipaksakan ke orang lokal, walaupun ya tergantung kebutuhan proyek dan managernya (yang orang china). Kerjaan expat china lebih ekstrim lagi, hari minggu pun tetap kerja, tapi biasanya jam pendek dari jam 12 siang sampai jam 6 sore.
Sebenarnya untuk perusahaan lokal pun mulai ke arah sana, untuk bidang2 tertentu. Alasannya pun macam2 tapi yang paling jelas tekan cost dan kejar setoran. Kalo bisa dikerjakan satu orang dan menambah cost cuma berapa ratus untuk lemburan (atau bahkan gratis), menambah orang bukanlah pilihan.",0,2026-03-27T14:22:45Z
@ifaoktaaa,"pantesan barang dari china murah murah, kayanya ini juga jadi salah satu alasannya",0,2026-03-27T14:20:41Z
@Kambing_jantan,9:57 sekarang yg saya lanlakuin bercocok tanam sama ternak bebek dan ayam,3,2026-03-27T14:16:04Z
@AriSeptiadi-v7h,Dikita lho masih banyak yang seperti itu dari dulu malah. Pemerintah bisa apa. Mending disana dibahas pemerintah lah dikita cuma di antepin aja. 😂😂😂😂😂😂,0,2026-03-27T14:14:47Z
@fahmyrhamdan5940,when yh punya pemerintah kek ginj,0,2026-03-27T14:13:00Z
@SantikaAmelia-w2e,Halah indo juga gitu 😅,0,2026-03-27T14:11:38Z
@PikuIsatu,"Sekeras kerasnya Indonesia , tetep Surga dunia. 
Ga di suruh makan Cacing kalau kerja ga bener 😂😂😂",1,2026-03-27T14:09:57Z
@kasihilahsesamamumanusia3508,"GUE JELASIN DRUN DARI GUE YG HIDUP DI SHANGHAI SELAMA 15 THUN* UMR DI SHANGHAI 2750 YUAN TETAPI RATA"" BURUH PEKERJA KASAR MENDAPATKAN SAMPAI 8000 YUAN/BULAN BHKAN BYK YG LEBIH KARENA BYK TUNJANGAN & BERBAGAI BONUS**SILAHKAN LOE DATANG SENDIRI KE SHANGHAI & TNYA LGSG SAMA ORG DISANA GK ASAL BACOT KYA ADMIN KADRUN INI🐫🦎🐫🦎🐫🦎**I LOVE CHINA FULL ADEM AMAN GK ADA KADRUN☝️💕💕🇨🇳🇨🇳🇨🇳🇨🇳",2,2026-03-27T14:09:31Z
@ronaldosaputra955,"Mereka owner, ya pasti kontrablah 996 dihapuskan 😅😅😅",0,2026-03-27T14:07:57Z
@reacproduction7602,"di indo juga sama, j dan t kerja normal 12 jam gak ke itung lembur, emang gak ada lembur sih",1,2026-03-27T14:05:02Z
@murayamagaming7918,Gk usah jauh2 di tempat gw kerja di jabar jga bgitu yg punya china kalimantan... 8 pg pulang 20 mlm senen ampe jum at sabtu minggu 8 jam😅 satu bulan libur sekali ampe gapok sama lembur gede lemburannya alhasil 2x lebih gaji ump,0,2026-03-27T14:01:50Z
@MuhRisaldy-x6l,Gua indonesia 13 jam kerja 14 jam nggk ada masalah tuh,0,2026-03-27T14:00:22Z
@kasihilahsesamamumanusia3508,"CHANNEL KADRUN KEJANG""🤣**LEBIH ENAK NGGANGGUR AJA DRUN NONGKRONG UDAT UDUT NGOPI NGIZING**",0,2026-03-27T13:58:27Z
@abiboge3633,"gw setuju sih , orang yang ngeluh banyak kerjaan itu cuman orang malas , orang yang mau main aman
namun sebenernya kerja 996 itu jangan di paksakan ke semua orang , orang berhak milih , karna emang ada orang malas yang kerjanya pengennya gtu gtu aja , dan ada juga orang yang punya semangat kerja dan belajar , bahkan sampai ngeluarin waktu hidupnya cuman dengan kerja

ga usah munafik , mau siapapun yang sukses di dunia ini , pasti ngomong sama , ntah itu mark pendiri facebook , bill gates , elon musk , atau yang merangkak dari miskin kek pendiri google , jack ma dll , hampir semuanya suka kerja , bahkan dedikasi pas mudanya mereka habisin buat belajar dan bekerja , inget kata pepatah kerja keras ga bakal ngekhianatimu , tapi mimpi selalu mengkhianatimu , fakta aja , gw dlu kerja keras di studio animasi dan game , sering lembur , kerjaan cepet selesai , dan faktanya ? gaji gw naik paling gede di tahun pertama , dan pas gw minta resign karna mau pindah ke stduio lebih gede , mereka nawar penambahan gaji lagi biar ga cabut
intinya , klo lu orang yang sangat pekerja keras , artinya lu orang penting dan orang yang langka , mau bos manapun ga bakalan ada yg mau kehilangan lu
dan alhamdulillah juga , berkat gw suka kerja sampai lupa waktu , gw bisa merintis studio sendiri , dan jujur jauh lebih banyak kerjaannya ketimbang jadi karyawan , tapi ya seru",2,2026-03-27T13:58:21Z
@gjmproject2319,"Akhirnya gua tau kantor gua kiblatnya kemana.. 

Kerja masuk jam 08:30.
pulang 17:30
Baru di hitung lembur klo kerja sampai lewat jam 21:00 dan itu cuma di bayar uang makan (35k) 

As IT kadang ada case yg baru bisa kerja after office hour, misal update apps atau maintenance. Jadi itungan jam kerjanya panjang sekali.. 

Ditambah kadang libur juga ga ikut aturan, yg lain cuti bersama disini ngga kwkwk, lebaran kemarin pun ga ada libur. 😂😅",0,2026-03-27T13:51:26Z
@purisacristiwi4287,"Relate bgt sebagai pegawai bumc, pdhl udah gaada kerjaan karena planning yg harusnya buat produksi minggu depan tp udah selesai dikerjain kemarin aja pegawainya masih suruh lembur mulu, kek cina""nya tuh berusaha nyari"" kerjaan biar karyawannya ga nganggur wkwk..
Trus kalo lg banyak orderan itu lemburnya bisa lebih dari 4 jam, masuk jam 7 pulang jam 10-12 malem trus besoknya masuk lagi jam 7 pagi, sampe aku sendiri yg dulu keberatan bgt lembur ampe jam 8 malem tp tbtb jadi seneng kalo bisa pulang jam 8 saking seringnya pulang jam 10 malem😂😂",0,2026-03-27T13:51:00Z
@LasmiLasmiami02-k2z,Gw lagi ngerasain kerja di bos Cina😭,0,2026-03-27T13:50:03Z
@antonsinatra9897,"996 ok! Kalau upahnya beneran nambah, lah kalau sama aja. Bisa gila pekerjanya pak",0,2026-03-27T13:46:22Z
@ndrapramana,lembur ..lembur.. lembur...strukk..mati .. wkwkwkw,0,2026-03-27T13:45:22Z
@tiosaputroo,"Paling benci budaya kerja dari Asia Timur. Sok perfect biar hasil tercapai, tapi kerja di peras pekerjanya. Makannya budaya kerja dari Eropa itu enak, dan bisa WLB..",0,2026-03-27T13:44:42Z
@umengemusik,13:29 Agak laen emang mamarika ini 🗿,0,2026-03-27T13:44:27Z
@muhammadalfatih5411,Semoga mbg memberkati kita semua 😊❤,0,2026-03-27T13:43:38Z
@Banger-xx,masih ter ngiang² vietnam akan lebih makmur dibanding indo,0,2026-03-27T13:42:23Z
@intanfitri2722,"Selesai kerja, sudah jam plg ya gue balik, kecuali ada event, baru deh lembur sampai jam 11😢😢😢",0,2026-03-27T13:41:07Z
@indraahuat,"Kerja keras buat perusahaan boleh2 aja, yg penting timbal baliknya sesuai.. jangan pengusahanya aja yg untung besar tp karyawannya masih mikirin gaji yg cm cukup tuk 20 hr dalam sebulan.😂",0,2026-03-27T13:40:16Z
@raditcs,"harusnya juga di indo hapuskan magang karena sering di eksploitasi buat ngebayar rendah orang terus cut dan ganti orang lagi.
Probation intern alah e'ek, emang nyari orang berbakat mumpung banyak, dibayar rendah deh dan nuntut sekeras kerasnya diluar batas sampe terror",5,2026-03-27T13:38:50Z
@wisnusurya2890,saya mendukung penghapusan 996,0,2026-03-27T13:38:39Z
@diendaya,"Jangan sampai Indonesia mengadopsi sistem kerja seperti ini , cukup omnimbus law aja yang ngrusak sistem kerja di Indonesia. Balik ke zaman kolonial Belanda 😂",0,2026-03-27T13:38:22Z
@PerciVaL_20,"Orang BALIKPAPAN : Sudah biasa biaya hidup tinggi, UMK gak sesuai wkwk",0,2026-03-27T13:38:16Z
@auristellastore5555,Apa kabar gua bang 997 😂,0,2026-03-27T13:34:07Z
@wisnusurya2890,itu bukti China kejam kepada rakyat nya sendiri membuat pekerja protes anti pemerintah,0,2026-03-27T13:33:29Z
@delismawatylubis173,996 itu modus kerja rodi dan pemerasan tenaga....kacihan efek sistem kapitalis,0,2026-03-27T13:32:07Z
@andiniputri5416,12:51 lah iya jack ma yg punya perusahaan pantes mendukung 996 lah😂,0,2026-03-27T13:27:36Z
@XieYAYANG,"gue yang pernah kerja di suatu pabrik karet, sistem kerjanya 666 masuk jam 6 pagi pulang jam 6 malam, beralngsung selama 6 hari dan tiap akhir pekan shift berganti menjadi masuk 6 malam dan pulang 6 pagi, jujur waktu istirahat gada, karna contoh misal pekan ini masuk jam 6 pagi pulang jam enam berakhir sabtu dan hari minggu udah mulai masuk 6 malam dan 6 pagi..",0,2026-03-27T13:26:40Z
@dedesatria7589,"Selagi gaji masih kecil bahkan karyawan bakal minta lembur 😂😂
Di indo sudah banyak contohnya",0,2026-03-27T13:25:50Z
@Buharivivoid,Kami baru bisa nonton habis Isya,0,2026-03-27T13:18:31Z
@sepulangkerja2216,"gw kerja di chinese company, ini tuh perusahaan BUMN di china. Its very true, tiap hari manager gw lembur ngga dibayar. bahkan sampe weekend aja mereka lembur. NGGA DIBAYAR!!! email emailan aktive sama head quarter office sampe tengah malem. se normal itu lembur tuh",0,2026-03-27T13:14:13Z
@Julpineaplekids,"Kata kata jack ma akal akalan perusahaan bgt njir, ""kerja keraslah, biar saya makin kaya"" Klo emang mau karyawannya maju mah kerja sewajarnya aja 8 jam, kan karyawan jadi bisa punya side hustle, ngandelin naik jabatan terlalu sulit apalagi buat orang yang gasuka ngejilat",0,2026-03-27T13:12:54Z
@Sol-ekten482,"12:54 

Rela dibilang malas gw dripada ujung ujungnya bundir.",1,2026-03-27T13:11:12Z
@michaelprelin89,"9 jam / hari, ngeluh ??
Lah Gua masuk 7.10 sampai 20.00 , gimana coba ???",0,2026-03-27T13:11:09Z
@hendrasutika,"eropa barat dan us jadi maju karna kerja cerdas, asia timur maju karna kerja keras. Indonesia?",0,2026-03-27T13:06:52Z
@irfansyahlkc2892,Rakyat Tiongkok agak terbantu karna mreka hidup dgn ideologi komunis yg notabene lahir dari kelas pekerja,0,2026-03-27T13:03:18Z
@brodyart8139,Setidaknya mereka kerja😢,0,2026-03-27T13:02:51Z
@dinanatalia1050,"Yg kerja di bank lebih dari 12 jam, akhir bulan gak akhir bulan sama aja tanpa bayaran lembur, akhir bulan dari rumah jam 6 pagi balik jam 1 malem",0,2026-03-27T13:02:06Z
@silent_disaster,"f n b di indo , kerja 12 jam , libur 2 kali sebulan , gaji 1juta 200",7,2026-03-27T13:01:49Z
@yunisukawana4054,Assalamu'alaikum warahmatullahi wabarakatuh Sehat selalu n tetap semangat berkarya Bang koi 🇮🇩💪🇵🇸,0,2026-03-27T13:01:07Z
@7Up2,BERKAH99 apaan sih di google??,0,2026-03-27T13:01:03Z
@victohicto2790,JANGAN LUPA CARI DI GOOGLE BERKAH99,0,2026-03-27T13:00:51Z
@Vaishnavi-Kalpita669,"05:20 Rekomendasi terbaik buat cari hiburan yang gacir, pastinya BERKAH99!",0,2026-03-27T13:00:50Z
@hgsdj12-om4ou,07:12 jangan lupa bersykur bang BERKAH99,0,2026-03-27T13:00:45Z
@nuwaza7849,LESGOOOOOO BERKAH99,0,2026-03-27T13:00:43Z
@Cartoon_network2025-du,14:17 Coba2 daftar akun baru di 𝗕𝗘𝗥𝗞𝗔𝗛𝟵𝟵 depo 50ribu eeh gak tau nya di kasih jackpot dong emang gacor banget da ni situsnya,0,2026-03-27T13:00:36Z
@Chandra-Avani8711,banyak yg komen BERKAH99 itu apaan bang?,0,2026-03-27T13:00:34Z
@amitray1172,09:15 pantas saja timeline ku penuh dengan 𝗕𝗘𝗥𝗞𝗔𝗛𝟵𝟵  terbaik sekali rupanya,0,2026-03-27T13:00:31Z
@rehankashif6085,"Di menit 05:36 ,Rezeki nomplok hari ini berkat 𝗕𝗘𝗥𝗞𝗔𝗛𝟵𝟵, alhamdulillah!",0,2026-03-27T13:00:29Z
@Lusersayak-xn7xn,"02:03 Cocok banget buat ide bisnis di rumah, simple tapi menguntungkan! Kalau 𝗕𝗘𝗥𝗞𝗔𝗛𝟵𝟵, main simple tapi hadiahnya besar!",0,2026-03-27T13:00:23Z
@Sameena-Manasi9156,"Pengemasan sederhana tapi hasilnya maksimal! Sama kayak 𝗕𝗘𝗥𝗞𝗔𝗛𝟵𝟵, hasil maksimal buat setiap pemain!",0,2026-03-27T13:00:20Z
@Nishithini-Farha4003,"06:15 Dari rumah aja bisa jualan sukses, luar biasa banget! Kalau 𝗕𝗘𝗥𝗞𝗔𝗛𝟵𝟵, dari rumah bisa menang besar!",0,2026-03-27T13:00:14Z
@matrickgame4781,"kata jack ma sama ceo JD. kerja woi dasar malas kalian, biar gua bisa makin kaya. wkwkwkwk 😂
perbudakan modern sih.",0,2026-03-27T13:00:13Z
@Prem-Ramita07149,"𝗕𝗘𝗥𝗞𝗔𝗛𝟵𝟵 bikin kaya beneran, mantap!",0,2026-03-27T13:00:09Z
@MukeshtyarSingh,"Seru banget main di 𝗕𝗘𝗥𝗞𝗔𝗛𝟵𝟵, eh dapet JP juga! Rezeki emang gak kemana!",0,2026-03-27T13:00:06Z
@Tusharkana-Navaneeta63847,01:19 Semoga rezeki dari 𝗕𝗘𝗥𝗞𝗔𝗛𝟵𝟵 membawa keberuntungan!,0,2026-03-27T13:00:03Z
@Sampriti-Sananda2123,"09:02 Mau beli kopi, kasirnya malah nyaranin 𝗕𝗘𝗥𝗞𝗔𝗛𝟵𝟵, gila gak tuh?",0,2026-03-27T12:59:57Z
@Gulab-Tarunima1304,𝗕𝗘𝗥𝗞𝗔𝗛𝟵𝟵 ini apa sih sebenernya? Kok bisa segitunya nyebar?,0,2026-03-27T12:59:56Z
@mr_bahawalpuri,Rezeki dari 𝗕𝗘𝗥𝗞𝗔𝗛𝟵𝟵 emang gak terduga! Terima kasih ya Tuhan!,0,2026-03-27T12:59:54Z
@loksewaidol8453,𝗕𝗘𝗥𝗞𝗔𝗛𝟵𝟵 emang cuan!,0,2026-03-27T12:59:48Z
@Oswaldoomm,"Bahkan grup keluarga gue isinya mulai bahas 𝗕𝗘𝗥𝗞𝗔𝗛𝟵𝟵, heran!",0,2026-03-27T12:59:40Z
@the_game-p7d,"03:29 Ngeri, sepupu gue yang baru SMP aja tau 𝗕𝗘𝗥𝗞𝗔𝗛𝟵𝟵.",0,2026-03-27T12:59:34Z
@Laasya-Punita503,Semoga 𝗕𝗘𝗥𝗞𝗔𝗛𝟵𝟵 selalu menjadi nomor satu!,0,2026-03-27T12:59:29Z
@KwabenaSmart-oq7pz,Bener-bener niat bikinnya! 𝗕𝗘𝗥𝗞𝗔𝗛𝟵𝟵,0,2026-03-27T12:59:23Z
@Fairegamerz984,Konten kayak gini bikin betah di YouTube! 𝗕𝗘𝗥𝗞𝗔𝗛𝟵𝟵,0,2026-03-27T12:59:21Z
@RakanAls-r9o,11:13 Kontennya deep tapi gak berat! 𝗕𝗘𝗥𝗞𝗔𝗛𝟵𝟵,0,2026-03-27T12:59:10Z
@Bhagyawati-Sajala51848,Ini baru konten! 𝗕𝗘𝗥𝗞𝗔𝗛𝟵𝟵,0,2026-03-27T12:59:07Z
@KnowIt-K,Kontenmu selalu ditunggu! 𝗕𝗘𝗥𝗞𝗔𝗛𝟵𝟵,0,2026-03-27T12:59:05Z
@Rishika-Urmimala2808,Harusnya banyak yang liat ini! 𝗕𝗘𝗥𝗞𝗔𝗛𝟵𝟵,0,2026-03-27T12:58:56Z
@Manushri-Akshita76012,10:27 Jelas banget idenya! 𝗕𝗘𝗥𝗞𝗔𝗛𝟵𝟵,0,2026-03-27T12:58:54Z
@raushan12647,Sukaaa bangettt sama ⭐𝗕𝗘𝗥𝗞𝗔𝗛𝟵𝟵,0,2026-03-27T12:58:47Z
@masterrafiq7117,𝗕𝗘𝗥𝗞𝗔𝗛𝟵𝟵 bikin maxwin makin gampang,0,2026-03-27T12:58:43Z
@Savita-Sharika41931,0:03 Keren boleh coba bang gas di 𝗕𝗘𝗥𝗞𝗔𝗛𝟵𝟵,0,2026-03-27T12:58:41Z
@giorgaaDdd,"jepey terus di 𝗕𝗘𝗥𝗞𝗔𝗛𝟵𝟵, beneran!",0,2026-03-27T12:58:32Z
@Sadhika-Supriya800,𝗕𝗘𝗥𝗞𝗔𝗛𝟵𝟵 bikin maxwin makin gampang,0,2026-03-27T12:58:28Z
@suhaniyadav2984,Seperti biasa sehat selalu kang semngat ngonten dan dilancarkan segala urusannya Salam dari 🚩 𝗕𝗘𝗥𝗞𝗔𝗛𝟵𝟵 ❤,0,2026-03-27T12:58:26Z
@Ulka-Rupali1103,Lancar lancar bang salam Jepe ⭐𝗕𝗘𝗥𝗞𝗔𝗛𝟵𝟵,0,2026-03-27T12:58:24Z
@Damayanti-Bhavana4696,14:10 Terus berkembang arhan semangattt!!!!! Salam 𝗕𝗘𝗥𝗞𝗔𝗛𝟵𝟵! gampang Jepe,0,2026-03-27T12:58:20Z
@ongliangkui498,Asli beneran gampang sc*tter di 🚩 𝗕𝗘𝗥𝗞𝗔𝗛𝟵𝟵🚩 cari aja di google,0,2026-03-27T12:58:14Z
@Aslesha-Savarna779,Akhirrrnyaaa bagus konten abang !! luar biasa coba main di ⭐ 𝗕𝗘𝗥𝗞𝗔𝗛𝟵𝟵,0,2026-03-27T12:58:12Z
@Dharitri-Vena853,Ga heran kalau jadi favorit banyak orang! 𝗕𝗘𝗥𝗞𝗔𝗛𝟵𝟵,0,2026-03-27T12:58:10Z
@Madhulika-Pranati48412,Terbaik hari ini! 𝗕𝗘𝗥𝗞𝗔𝗛𝟵𝟵,0,2026-03-27T12:58:08Z
@boy-qj7ns,13:25 Videonya tenang tapi hidup! 𝗕𝗘𝗥𝗞𝗔𝗛𝟵𝟵,0,2026-03-27T12:57:52Z
@Hena-Tapasi84717,10:10 Pas banget buat ditonton! 𝗕𝗘𝗥𝗞𝗔𝗛𝟵𝟵,0,2026-03-27T12:57:48Z
@Apoorva-Hoor2083,Gak capek nontonnya! 𝗕𝗘𝗥𝗞𝗔𝗛𝟵𝟵,0,2026-03-27T12:57:30Z
@WolfOne-dq8fb,Selalu beda tiap upload! 𝗕𝗘𝗥𝗞𝗔𝗛𝟵𝟵,0,2026-03-27T12:57:25Z
@priyabratasahoo5043,Gaya visualnya khas banget! 𝗕𝗘𝗥𝗞𝗔𝗛𝟵𝟵,0,2026-03-27T12:57:24Z
@ArunGond-r1i,Videonya adem dan menenangkan! 𝗕𝗘𝗥𝗞𝗔𝗛𝟵𝟵,0,2026-03-27T12:57:16Z
@Archita-Priyadarshini3711,Penataannya keren banget! 𝗕𝗘𝗥𝗞𝗔𝗛𝟵𝟵,0,2026-03-27T12:57:13Z
@Mahamaya-Shilpa313,"Kontennya ""clean and clear""! 𝗕𝗘𝗥𝗞𝗔𝗛𝟵𝟵",0,2026-03-27T12:57:12Z
@yourafghan6307,09:28 Berbobot banget walau singkat! 𝗕𝗘𝗥𝗞𝗔𝗛𝟵𝟵,0,2026-03-27T12:56:54Z
@gravetics.x,03:29 Ini sih definisi konten berkualitas! 𝗕𝗘𝗥𝗞𝗔𝗛𝟵𝟵,0,2026-03-27T12:56:52Z
@entertainmentguru9143,20:20 Pantas trending! 𝗕𝗘𝗥𝗞𝗔𝗛𝟵𝟵,0,2026-03-27T12:56:50Z
@Mangla-Shyamari8414,19:45 Kualitas premium! 𝗕𝗘𝗥𝗞𝗔𝗛𝟵𝟵,0,2026-03-27T12:56:46Z
@Vishnupriya-Jyotsna49915,19:33 Selalu menarik! 𝗕𝗘𝗥𝗞𝗔𝗛𝟵𝟵,0,2026-03-27T12:56:43Z
@Chandra-Lajjawati67807,19:28 Nyaman banget ditonton! 𝗕𝗘𝗥𝗞𝗔𝗛𝟵𝟵,0,2026-03-27T12:56:42Z
@Divya-Shyamali489,19:27 Transisinya smooth! 𝗕𝗘𝗥𝗞𝗔𝗛𝟵𝟵,0,2026-03-27T12:56:40Z
@Mohana-Netra03991,"17:33 Udah keren, gak perlu banyak efek! 𝗕𝗘𝗥𝗞𝗔𝗛𝟵𝟵",0,2026-03-27T12:56:37Z
@PawanYadav-q2j,15:23 Konsistennya bikin salut! 𝗕𝗘𝗥𝗞𝗔𝗛𝟵𝟵,0,2026-03-27T12:56:35Z
@Selma-Nilaya50249,14:15 Wajib viral ini!𝗕𝗘𝗥𝗞𝗔𝗛𝟵𝟵,0,2026-03-27T12:56:28Z
@Deepaprabha-Reshma40315,19:23 Kualitas premium! 𝗕𝗘𝗥𝗞𝗔𝗛𝟵𝟵,0,2026-03-27T12:56:24Z
@kavinroyan5921,"Klo lu Karyawan pengen dihapuskan,
Klo lu Bos tentunya dipertahankan,

Sekarang lu bos atau karyawan?",0,2026-03-27T12:56:18Z
@Viralvideos-u8w,03:47 Video singkat tapi dapet! 𝗕𝗘𝗥𝗞𝗔𝗛𝟵𝟵,0,2026-03-27T12:56:06Z
@tadcruzz7843,05:22 Selalu dinanti nih kontennya! 𝗕𝗘𝗥𝗞𝗔𝗛𝟵𝟵,0,2026-03-27T12:56:03Z
@parvezali5240,02:56 Video pendek yang nempel di kepala! 𝗕𝗘𝗥𝗞𝗔𝗛𝟵𝟵,0,2026-03-27T12:55:59Z
@MinaazShaikh-b4i,06:27 Suara dan visualnya sinkron banget! 𝗕𝗘𝗥𝗞𝗔𝗛𝟵𝟵,0,2026-03-27T12:55:55Z
@nepaliboy7565,02:16 Nonton ini bikin puas! 𝗕𝗘𝗥𝗞𝗔𝗛𝟵𝟵,0,2026-03-27T12:55:42Z
@Gulshan-Kaushalya8211,17:09 Pas banget buat FYP! 𝗕𝗘𝗥𝗞𝗔𝗛𝟵𝟵,0,2026-03-27T12:55:32Z
@Vallari-Vaishali91859,06:37 Gak pernah bosen nonton! 𝗕𝗘𝗥𝗞𝗔𝗛𝟵𝟵,0,2026-03-27T12:55:12Z
@anupamthenight-c7h,12:10 Keren natural! 𝗕𝗘𝗥𝗞𝗔𝗛𝟵𝟵,0,2026-03-27T12:55:03Z
@Dosisrecehharian,"pernah kerja 12 jam sehari setiap hari selama 3bulan, ntar baru libur 2 mnggu",0,2026-03-27T12:55:01Z
@Gaurika-Tusti656,01:02 Ga bosen-bosen nonton! 𝗕𝗘𝗥𝗞𝗔𝗛𝟵𝟵,0,2026-03-27T12:55:01Z
@Swarupa-Tanika89777,"12:11 Lagi ngopi di warung, orang sebelah ngobrolin 𝘽𝙀𝙍𝙆𝘼𝙃99 .",0,2026-03-27T12:54:59Z
@Omana-Shravana1106,"05:37 Di status teman-teman, semuanya ngomongin 𝘽𝙀𝙍𝙆𝘼𝙃99 .",0,2026-03-27T12:54:53Z
@freer5-ho5cd,"06:18 Sambil nunggu kereta, ada yang nyetel video tentang 𝘽𝙀𝙍𝙆𝘼𝙃99 .",0,2026-03-27T12:54:51Z
@AzoFri,03:12 Udah pada tau ⭐ ️𝘽𝙀𝙍𝙆𝘼𝙃99 ⭐️ belum? Nih akun fenomenal!,0,2026-03-27T12:54:49Z
@parvezujjan5162,"06:07 Ada mural keren di tembok kampus, tulisannya ✧𝘽𝙀𝙍𝙆𝘼𝙃99 ✧.",0,2026-03-27T12:54:31Z
@Mafiya-u6q,"13:17 ❤ 𝘽𝙀𝙍𝙆𝘼𝙃99 🔴, apa rahasia kamu bikin ketagihan? 😍 Cerita mengalir, gameplay seru, hadiah top! 💖",0,2026-03-27T12:54:26Z
@mo7.ha9,15:22 ⭐️ 𝘽𝙀𝙍𝙆𝘼𝙃99 ⭐️ tuh udah kayak brand premium,0,2026-03-27T12:54:17Z
@barshasankari5569,"16:45 Sejak pagi buka HP, yang pertama muncul pasti 𝘽𝙀𝙍𝙆𝘼𝙃99 .",0,2026-03-27T12:54:11Z
@Sarojini-Anshula010,03:40 Viewers-nya loyal banget ke ⭐ ️𝘽𝙀𝙍𝙆𝘼𝙃99 ⭐️,0,2026-03-27T12:54:05Z
@Akshita-Serena86001,02:08 Grup WA keluarga tiba-tiba rame gara-gara ada yang share 𝘽𝙀𝙍𝙆𝘼𝙃99 .,0,2026-03-27T12:54:03Z
@rokhimdua9906,"01:05 Kalo udah liat ⭐ ️𝘽𝙀𝙍𝙆𝘼𝙃99 ⭐️, langsung share ke temen",0,2026-03-27T12:53:54Z
@Archisha-Harshini75421,03:14 ⭐️ 𝘽𝙀𝙍𝙆𝘼𝙃99 ⭐️ tuh punya kualitas konten yang top,0,2026-03-27T12:53:48Z
@Zoyakhan_oy4ix,19:45 Semua tongkrongan kekinian pasti udah kenal 𝘽𝙀𝙍𝙆𝘼𝙃99 .,0,2026-03-27T12:53:45Z
@Utpalini-Lakshmi82803,05:19 𝘽𝙀𝙍𝙆𝘼𝙃99 kayak udah jadi bagian dari hidup sehari-hari.,0,2026-03-27T12:53:43Z
@Swarna-Hoor649,"09:08 Gak nyangka bisa sekeren ini, salut ⭐️ 𝘽𝙀𝙍𝙆𝘼𝙃99 ⭐️",0,2026-03-27T12:53:39Z
@Safia-Tamalika040,"12:10 ❤ 𝘽𝙀𝙍𝙆𝘼𝙃99 🔴, kamu emang the best! Setiap main bikin ketagihan, ceritanya relate, visualnya top! 🌟",0,2026-03-27T12:53:34Z
@urfriend130,PNS dinegeri kita kerja jam 8 pagi dan pulang jam 10 pagi😂😂😂,0,2026-03-27T12:53:32Z
@Navaneeta-Ranjini4760,"04:03 Lagi belanja di minimarket, kasirnya nyebut 𝘽𝙀𝙍𝙆𝘼𝙃99 sambil senyum-senyum",0,2026-03-27T12:53:25Z
@SanatanSur111,17:22 Satu kata buat ⭐ ️𝘽𝙀𝙍𝙆𝘼𝙃99 ⭐️: KEREN!,0,2026-03-27T12:53:23Z
@Arunima-Parameshwari48071,06:05 Semua video ⭐ ️𝘽𝙀𝙍𝙆𝘼𝙃99 ⭐️ tuh berkelas,0,2026-03-27T12:53:16Z
@Ilyaselghazdissi,"01:04 Subhanallah, ❤ 𝘽𝙀𝙍𝙆𝘼𝙃99 🔴 bikin takjub! Ceritanya inspiratif, visualnya keren, untungnya luar biasa! 🙌",0,2026-03-27T12:53:07Z
@Gangotri-Shakeela79900,02:44 Sound yang dipake ⭐ ️𝘽𝙀𝙍𝙆𝘼𝙃99 ⭐️ selalu pas banget,0,2026-03-27T12:52:55Z
@Payoja-Rohini3166,"01:07 Masyaallah, ❤ 𝘽𝙀𝙍𝙆𝘼𝙃99 🔴 bikin pengalaman main beda! 09:14 Visual top, cerita penuh makna, hadiahnya wow! 💎",0,2026-03-27T12:52:45Z
@Akhila-Mita22008,"04:01 Konsisten upload tiap hari, mantap ⭐ ️𝘽𝙀𝙍𝙆𝘼𝙃99 ⭐️",0,2026-03-27T12:52:40Z
@mehmetekici6083,23:45 Konten ⭐ ️𝘽𝙀𝙍𝙆𝘼𝙃99 ⭐️ tuh selalu kreatif banget,0,2026-03-27T12:52:36Z
@BoukhrisseKhalid,19:33 Setiap harinya selalu ada yang baru dari ⭐ ️𝘽𝙀𝙍𝙆𝘼𝙃99 ⭐️,0,2026-03-27T12:52:34Z
@Makshi-YaVonne39598,"19:28 Sekali follow ⭐ ️𝘽𝙀𝙍𝙆𝘼𝙃99 ⭐️, auto setia",0,2026-03-27T12:52:31Z
@Raksha-Anima3446,"16:27 Ya Tuhan, ❤ 𝘽𝙀𝙍𝙆𝘼𝙃99 🔴 bikin speechless! Visualnya memanjakan mata, ceritanya penuh makna! 👏",0,2026-03-27T12:52:19Z
@Satya-Urvi1820,"03:23 Gak pernah ngecewain, ⭐ ️𝘽𝙀𝙍𝙆𝘼𝙃99 ⭐️",0,2026-03-27T12:52:16Z
@TalalAftab-e3k,05:15 Ada yang bisa kalahin engagement-nya ⭐ ️𝘽𝙀𝙍𝙆𝘼𝙃99 ⭐️? GAK ADA,0,2026-03-27T12:52:10Z
@1st-ox6zw,"06:09 Kalau udah denger kata 𝘽𝙀𝙍𝙆𝘼𝙃99 , pasti langsung keinget vibe positif.",0,2026-03-27T12:51:55Z
@Madhumalati-Shaila98950,03:17 Kontennya ⭐ ️𝘽𝙀𝙍𝙆𝘼𝙃99 ⭐️ ngasih vibe positif,0,2026-03-27T12:51:52Z
@Pragyaparamita-Anumati228,02:19 Postingannya ⭐ ️𝘽𝙀𝙍𝙆𝘼𝙃99 ⭐️ selalu dapet insight,0,2026-03-27T12:51:48Z
@kaan2838,11:09 Caption dari ⭐️ 𝘽𝙀𝙍𝙆𝘼𝙃99 ⭐️ bikin mikir,0,2026-03-27T12:51:47Z
@arufikun8601,"ini bener njir. Gue kerja remote di perusahaan China, sabtu masih masuk anjir. stress banget libur sehari doang mana kerjaanya banyak dan harus cepet2",0,2026-03-27T12:47:09Z
@syarifaminullah1471,"gw kerja sama vendor china
selama 6 hari full pernah
masuk jam 8 sampe jam 12 malem, terus meeting progress hari tersebut dari jam 12 malem sampe jam 2 subuh. abis itu pulang dan masuk lagi jam 8
ckckc
salute lah sama china",58,2026-03-27T12:46:34Z
@semesa521,96 ya bukan 69,0,2026-03-27T12:44:46Z
@aldi_coeg,11:55 hidup jok🔥🔥🗣,0,2026-03-27T12:44:25Z
@mamangse,sepertinya saya mendengar suara HIDUP...............,0,2026-03-27T12:42:20Z
@zoan9845,"di amerika banyak pegawai yang lebih milih kerja ketimbang libur, mungkin bisa jadi efektif disana",0,2026-03-27T12:40:46Z
@muhammadabdullatif1245,ku krja 997...,0,2026-03-27T12:40:02Z
@RasTerkuatDiBumiQUEEN,Sukses gak bahagia = 0 😅,0,2026-03-27T12:38:09Z
@MekelAditya-p9l,"Pekerja tambang yang punya 2 shift dan roster 13:1 belike: ah makan hari"" Sih ini",0,2026-03-27T12:36:00Z
@fikrihernandasudaryo7456,Gk kaget. Disini jg kyk gt kok. Malah yg lbh parah jg bnyak. Emang kyk budaya kerja kawasan asia deh,0,2026-03-27T12:35:28Z
@sikemAz,Kuli pabrik  dipinggiran jakarta udah sering nglakuin itu 12 jam kerja..  12 kerja itu ezzz bagi orang orang pabrik jabodebek.kar,0,2026-03-27T12:34:59Z
@AsusFonepad-g2n,"di sektor konsultan indo juga banyak, bedanya kerjaan bisa dibawa pulang karena emang dikasih laptop + tablet sama yang penting kerjaan selesai, nggak diliat lu di kantor, di bus, di bandara, atau dalem got.",0,2026-03-27T12:34:56Z
@YuwanFaisal,Hidup jokowiii,0,2026-03-27T12:34:48Z
@tutikharmonisaati5758,"Masih mending 9 jam/hr😂 apa kabar pegawai BRI yg on di kantor jm 7 pagi bbrp jm 6.30 udah ampe kantor dan pulangnya jm 7 malem kadang juga jm 8😂😂 eh sabtu juga masuk, loyalitas",0,2026-03-27T12:33:59Z
@noumanem,"""Jika kamu tidak melakukannya, orang lain akan melakukannya.""

Pernah liat dokumenternya Inside Asia, omongannya persis kyk gini.",0,2026-03-27T12:33:46Z
@azizfanani1307,"Pekerjanya kerja keras, yg sukses bosnya. 🤣",0,2026-03-27T12:33:25Z
@LiaHaryati-hf5jw,Aku malahan lebih dari jam kerja 996 .kerjaanku sebagai penjahit borongan kalo mau uang lebih ya harus lembur sampai jam 10 malam,0,2026-03-27T12:30:20Z
@rhika-nee,Pernah dulu kerja 12 jam ( 12 JAM LIBUR NASIONAL GBS LIBUR ) terus gajinya cuma 800rb  kek tolol banget gw wkwkwkw mau aja,0,2026-03-27T12:25:47Z
@xoxonx,Aku bisa relate sama mereka 😢😢,0,2026-03-27T12:24:42Z
@fanjixietiadi4957,Itu harga yang harus dibayar jika ingin beralih dr negara berkembang menjadi negara maju,0,2026-03-27T12:23:44Z
@Indonesian.everywhere,Kalo Indonesia ada gk bg koi,0,2026-03-27T12:23:06Z
@YUSRIZALSENSEICH,"Saya lebih suka kerja sif pagi dan malam, bisa dibilang ada waktu istirahat dan waktu berkerja sesuai jam kerjanya, sehinggal perusahaan tersebut kelihatan aktif 24 jam padahal sudah jelas itu dikarenakan kerja sif pagi dan malam",1,2026-03-27T12:22:44Z
@fuu9921,Temen saya dari china kaget waktu pertama di indo karena jam 4 sore sudah pulang dan masuknya siang jam 8an 😂😂,0,2026-03-27T12:22:33Z
@myagrorizaldi8804,11:53,0,2026-03-27T12:22:15Z
@mailaziboo,"Aku kerja di perusahaan cina mainland, mereka disini pake sistem 99 tapi ga pake 6 nya soalnya mereka ga ada libur samsek. Jadi kerja dari jam 9 pagi sampe jam 9 malem kadang jam 10 malem trus ga ada libur, kadang atasan divisi ku sampe sakit2 aja tetep masukk. Kasiann banget ya....alhamdullilahnya karyawan lokalnya ga ngikut jam kerja yg karyawan cinanya, kita pake jam kerja lokal cuma ya itu libur dikasihnya cuma 2 hari dalam 1 bulan :))",0,2026-03-27T12:21:48Z
@arulgamers8921,Yah saya merasakan sampai dijadikan kambing hitam,0,2026-03-27T12:20:35Z
@Dayat.elektro,"Padahal kerja konveksi di Indonesia lebih parah

Senin sampai jumat 08.00-22.00
Sabtu dan minggu 08.00-17.00",0,2026-03-27T12:20:00Z
@opoel34-o7k,"pengorbanan yg harus diberikan untuk kemajuan negara, tapi pasti suatu saat akan menemukan equilibrium nya antara beban kerja dengan kelayakan upah.",0,2026-03-27T12:19:48Z
@putrifebrian3032,"Suamiku juga kerja 12 jam sehari, per 3 hari. 
3 hari kerja 1 hari libur 😅",0,2026-03-27T12:15:58Z
@ClownChilla,"1:18 di indo juga banyak kok bang, libur 1 bulan 2x, jam kerja belasan jam per hari yang gajinya jauh dibawah UMR😂",0,2026-03-27T12:15:40Z
@rickyawan.,saya juga kerja dari jam 8 sampe jam 8 juga liburnya 2 minggu sekali salah pabrik kah ini wkwk,0,2026-03-27T12:15:38Z
@socool-j1k,"Kerja keras ga pernah sia bukti negaranya maju pesat, dari surplus dagang tiongkok 2025  aja 40 kali lipatnya indo belum dari penerimaan pajak dll",55,2026-03-27T12:15:17Z
@muhammadawaluddin2151,"Asia timur in nutshell kwwkk. Mau China, Taiwan, South korea, Jepang sama semua 😂😂 Salah satu yg perlu di pertimbangin klo mau kerja kesana",44,2026-03-27T12:14:22Z
@unkown2185,Jadi budak coy😂,0,2026-03-27T12:14:19Z
@giselalisa8851,"Di indo jg bnyk bang perusahaan yg lemburnya ngak di bayar, malah ini perusahaan gede & ternama",1,2026-03-27T12:14:00Z
@harisdwicahyo8510,"Arti sukses tuh apa sih, kalau akhirnya penyakitan semua. Bener duit kekumpul tapi jantung meledak, ginjal bocor. Kan gak lucu duitnya di kasih ke rumah sakit semua",0,2026-03-27T12:13:45Z
@alwial-random4432,"di indo udah banyak tu 12 jam kerja gaji 1,2 bobrok emang",0,2026-03-27T12:13:22Z
@HammimThohiri,gas,0,2026-03-27T12:12:06Z
@harisdwicahyo8510,Harusnya 1 kantor kompak tenggo.,0,2026-03-27T12:11:02Z
@friend_chiken,"Cina.... 
Kalo di konoha boro2 kayaknya dibawa ke pengadilan, sebelum dibawa ke pengadilan udah tau siapa yang menang😂😂",2,2026-03-27T12:10:57Z
@andikpramono1935,"Mereka tdk mengerti hskikat hidup,hidup itu hanya perlu cukup dan menikmati.",2,2026-03-27T12:10:16Z
@TEANT95,"sebenarnya klo cuman kerja 12 jam di indo juga banyak. 
klo perusahaan besar yang baik sih kerja 8jam, sisanya di hitung lembur. 
tapi yaa lebih banyak perusahaan yang pake aturan sendiri, lemburnya berapa jam, sisanya ""loyalitas"" 😅",0,2026-03-27T12:09:54Z
@motivasihidup5768,"Penjajahan Adalah Ketika Bekerja mau kerja 8 jam 11 jam tapi tidak menghasilkan itu yg di namakan Penjajahan Penduduk.

Praktik benar ini asal upahnya menghasilkan.
 negara yg mayoritas miskin apalagi di tambah negara korup benar praktik begini bahkan kalau ada yg pura2 kerja dan nganggur santai2 Penjarakan kurung saja penduduk maupun pejabat spt ini beban negara.
Syarat umum adalah rajin syarat utama  kompeten & hidup lurus utk jadi negara maju.
asal gajinya sebanding Saya Pro.
Saya sendiri kerja sewing pagi siang malam sampe sahur atau subuh.
+minggu kadang kerja.

lebih parah lagi dari 996 tp upah gak manusiawi si anjing org Konoha ngk mampu bayar pekerjanya dari zaman dulu smpe sekarang.
sehari dapat 50-150ribu.

Upah Produktivitaanya sangat murah karna oranv Konoha Dari dulu ngak mampu dan becus bayar pekerja tp pinginnya jadi bos.
harga Upah Produktivitas per 1 baju kemeja jadi 3000-4000.
agar kebutuhan hidup cukup meskipun kurang perlu jahit 200-250 baju kemeja per minggu semuanya di jahit gosok dan obras sendiri ini jelas ngk manusiawi dan sistem penjajahan.

 jelas membuat ketimpangan peak apa ngk ngerti rumus biar ngk ketimpangan si sdm rendah konoha.
sy aja ngerti rumusnya walaupun gk smpe sarjana",0,2026-03-27T12:09:39Z
@wongsedo8361,"Aq ORANG INDONESIA....
Sudah 14 the kerja di perusahaan Saudi.RIYADH..
kerjaku 12 jam sehari...6 hari dalam seminggu...
Bahkan ..aq pernah .setahun full..gak ada libur...selalu LEMBUR...
aq pikir 996 itu apa....ehhh aalahhhh...sudah aq lakukan selama 14 tahun...",0,2026-03-27T12:09:24Z
@KadalGurun-ic7ji,notif pas lgi berak langsung sikat,0,2026-03-27T12:06:20Z
@okkydwihermawan4734,"Stress budaya kerja asia Timur, makanya gw gak suka soal ini

Tapi gak tahu juga kalau misalnya dibandingin jam kerja atau latihan dari seorang atlet, apkah mereka 13 jam juga",0,2026-03-27T12:05:34Z
@masbijon,"Yang g tunggu dr sepulang sekolah adalah...""musik penutupnya"". ...😅",0,2026-03-27T12:04:27Z
@niwitha3349,"Kerja keras isi rekening jadi gendut, itu adil, tp kerja diperas isi rekening sekarat,  itu penindasan. Jam kerja dikurangi dibilang pemalas, itu manipulatif",85,2026-03-27T12:04:09Z
@asacorp2191,Cocok buat orang konoha yg nyari 19jt lapangan kerja,0,2026-03-27T12:01:56Z
@adityaadaffa158,"Tahun kmrn gua jga Kya gini, masuk kerja jm 7-15, pulang² jm 8 malem, hampir setiap hari tanda tangan spl, surat perintah lembur, tpi begitu dapet gaji, di slip gajinya tertera, lemburan nya 0, pdhal gua selalu harus tanda tangan lembur, tpi gak di bayar, trus harusnya setiap hari Sabtu itu libur, eh di paksa harus masuk kerja, mana gak di bayar lgih, sadis gak tuh? Btw korupsi nya trang²an gilaaa ...
Gua pgn bgt speak'up tpi gua gak punya power",0,2026-03-27T12:01:38Z
@darwins2799,Disana kerja 12 jam sehari pemasukan masih layak KLO disini 12 jam pemasukan GK layak,1,2026-03-27T12:01:36Z
@Sinarno19,"kalau sebagai pengusaha, pasti milih 996. tapi kalau mau merasakan jam kerja 996 di indonesia, coba aja masuk bank milik konoha hehehehe",1,2026-03-27T12:00:42Z
@AhmadYusuf-f7b,"996 dampaknya Burn out, kalau rakyat banyak kelelhan dan depresi dampaknya juga ke ekonomi.",0,2026-03-27T12:00:23Z
@luckybasstian1167,Bang bahas noelia Castillo,0,2026-03-27T12:00:22Z
@keitayuuki1333,"Btw aku pernah bang, kerja di konter 7.30-9.00 ya emang dibagi 2 shift, kalau shift pagi istirahat 4 jam. kerja 9,5 jam, tapiii, liburnya anjirr 2 minggu cuman sekali (non sabtu minggu). deymm🙂",0,2026-03-27T11:59:45Z
@federalsumatra4989,"Yg terbaik adalah menghapuskan SUBSIDI BBM, supaya warga NKRI sadar, negaranya MISKIN.

itu udah resiko, setiap solusi darurat jangka panjang, tentu ada yg harus dikorbankan dalam jangka pendek, tapi setidaknya pemerintahan bisa JUJUR dengan ketidakberdayaan EKONOMI NASIONAL,

buat apa menjaga pertumbuhan ekonomi, kalo tetap jadi BUDAK.",0,2026-03-27T11:59:33Z
@lintasrohul,Mereka Mulai Sadar Kerja kerja kerja sampe tua. Hidupnya Gitu gitu aja. 😅😅,0,2026-03-27T11:56:37Z
@kucingganteng3536,yang dukung mah cuma owner doang,0,2026-03-27T11:56:07Z
@medicrush3141,"Perusahaan terlalu serakah itu intinya.. Cuan pengen banyak itu intinya. Kenapa selalu berfokus pada 996 tanpa berpikir untuk membuat 2 sift kerja? Ya tentu saya fokus utama nya tetap ke cuan perusahaan.. 

No big respect to bro Jack ma",0,2026-03-27T11:53:27Z
@sifaatulwakiah9201,Naikin gaji editor😂🎉🎉🎉,0,2026-03-27T11:51:44Z
@liviaangela2203,"Saya tinggal di shenzhen , menurut saya cara kerja ini susah di hapus ya , karena udah menjadi budaya , misal kita kekeh menolak , pasti akan ada aja orang yang siap lembur untuk menggantikan kita , apalagi posisi ekonomi china sedang ga baik baik aja . Ya daripada tersisihkan secara bertahap, mau gak mau ikutin jalurnya aja . Kadang kadang kalo lagi bengong mikirin orang china kalo sedih atau cape kemana ya… kalo orang indonesia masih bisa pulang kerumah di sambut keluarga yang tau kondisi kita , bisa lebih apa adanya , kalau disini orang tua mereka pun punya standart yang tinggi tentang kehidupan , di kerjaan + di rumah sama sama keras . Obrolan ke temen2 juga gak seluwes kayak obrolan kita ke temen nongkrong bisa cerita apapun . Gila sih , banyak yang belum nikah juga , entah karena sibuk kerja , biaya hidup , atau tekanan sosial yang harus sempurna . Secara ga langsung budaya ini mempengaruhi kehidupan aku perlahan lahan.",28,2026-03-27T11:49:49Z
@RianRianto-t4t,"Jangan mengikuti sistem kerja China 996 itu sistem kerja paling buruk di dunia, makanya sdm banyak penyakitan, sdmnya bakal hancur karena kesehatan berkurang, masih bagus sistem Indonesia yang mengikuti standar eropa dan AS . 9jam 2jam lembur, 2hari lembur. Makanya sdm eropa dan AS fresh, tenaga fit.",0,2026-03-27T11:49:16Z
@Ardiantoto_a7,Alhamdulillah sistem kerjaku 666. Berangkat jam 6 pagi sampe rumah jam 6 sore selama 6 hari.,0,2026-03-27T11:48:10Z
@xiaolanfense,"setuju di hapus, sebagai perusahaan harusnya ada visi jelas posisi pertumbuhan perusahaan, apa fase pendirian, fase pengembangan, atau udah di fase settle, 996 mungkin efektif kalo perusahaannya ditahap pendirian atau pengembangan, karena difase itu istilahnya masih ngejar visi, tapi kalau visi kesuksesan awalnya udah tercapai harusnya rubah strategi kerja, efisiensi sumber daya, dan masuk ke fase inovasi, and inovasi itu jarang muncul dari 'office drone' yang lahir dari budaya 996,
ikut fitrah aja sebagaimana dijelaskan di Alquran, Allah menciptakan siang itu supaya manusia beredar di muka bumi, usaha dan cari berkah, sedangkan malam diciptakan untuk istirahat dan beribadah, sesuai porsi 😊",0,2026-03-27T11:47:09Z
@sasepofficial,"Pantesan ya sebagian chindo disini lumayan banyak yang kEk gitu ,rata2 keluhan pekerja ya bos nya yang chindo ,inget ya sebagian ga semua",0,2026-03-27T11:46:45Z
@kang-kung_saja,"7:45 hidup kerja keras : kantor - jalan - rumah - jalan - kantor - jalan rumah lagi- jalan - kantor, apa itu keluarga, teman dan diri sendiri? 😭😭, otw isekai, gara gara perusahaan hitam",0,2026-03-27T11:45:10Z
@smittiwerbenjagermanjensen,"yg santai g akan sukses, yang sudah sukses nggak mau santai",0,2026-03-27T11:42:39Z
@m123ab,"Krn biayA hidup biaya masa tua  mahal disana ,makanya banyak fisiknya udh tua kyk umur udh 80 tahun padahal umur masih dibawah 60 tahun",0,2026-03-27T11:42:16Z
@clowdiaprilinirizun1840,kerja di Indonesia Cikarang tapi bos nya cina bukan 72 jam lagiii tapi kadang dipaksa 84 jam seminggu 🤡,0,2026-03-27T11:41:07Z
@Hawaii_USA,semoga china komunis runtuh seperti unisoviet 2027 Amen,0,2026-03-27T11:38:42Z
@Samsulwakidot,Saya kira negara superpower+ produsen dunia masyarakatnya sejahtera ternyata lebih gila tekanannya,0,2026-03-27T11:36:47Z
@gunarkoputu,Bang temen ku tapi temenku kerja di BUMC dia ada nap time nya 2 jam bang tiap hari nya,0,2026-03-27T11:36:39Z
@MrACTAVIS,"pernah kerja masuk jam 3 sore pulang jam 7 pagi.
atw msuk jm 7 pagi pulang jam 11 malam.
nerus shift.
tpi ya cuma 1 mggu, gak tiap mggu. & itungannya lembur, bukan loyalitas.
najis amet loyalitas .
klo tiap mggu spt ini ya tipes wkwk",0,2026-03-27T11:36:22Z
@UM21_MM,"Gua sih prinsip nya: ""Loyalitas adalah datang tidak terlambat, pulang tepat waktu. Selebih dari itu berarti upah bertambah"". Jadi kalo gua mah udah jam pulang yah udah gas pulang. 😂",0,2026-03-27T11:35:36Z
@rifkimuhamad1681,"Ini mending jam kerja 996,gua di Indo 997😂",0,2026-03-27T11:35:05Z
@Aida-q8i2r,"Menurutku boleh aja si kerja 12 jam sehari ASALKAN gajinya juga sama besarnya dengan usaha mereka, dan bisa juga di kantor disediakan ruang untuk istirahat kemudian makanan yg enak-enak. Setidaknya itu bisa mengurangi tingkat stres si karyawan.",0,2026-03-27T11:31:40Z
@nopalhilmi,Bahas juga dong bang tentang kebijakan baru jam kerja 13 jam di Yunani,0,2026-03-27T11:31:05Z
@yosuabillhamnyolo-nyolo9541,"Bang, kapan nih bahas tentang Pemilu Jepang dan Thailand yang udah berlangsung 08 Februari lalu?? Dengar-dengar hasil Pemilu di kedua negara tersebut cukup mengejutkan...",0,2026-03-27T11:26:34Z
@bdorsgu9985,"G usah cina.
Di indo aja kerja 13 jam tuh pabrik-pabrik",0,2026-03-27T11:24:11Z
@mestii9112,"wkwk aku juga bang kerja di retail si biru itu, pernah berangkat jam 7 pagi pulang jam 10 malam dan besoknya masuk jam 7 lagi wkwk badan udah kek gaada nyawanya😂",1,2026-03-27T11:23:36Z
@SintaRahmadani-f4g,Yah ini mah gw malahan lebih 72 jam seminggu upah kecil 😂😂😂😂,0,2026-03-27T11:23:31Z
@Littleboy_198,"Masih kalah sama orang indo, kemrain di tiktok ada yang vc 118 jam tanpa mati🗿",0,2026-03-27T11:23:29Z
@JajaMijarha,Ini hampir kejadian ditempat kerja gue yang owner (bos) nya orang cina asli dan sekarang jam kerja nya hampir mendekati itu 😭,0,2026-03-27T11:22:34Z
@noar8311,"kalau aku gak masalah selama bayarannya setimpal, tapi kalau untuk hidup aja gak cukup ya ngapain kerja",0,2026-03-27T11:22:18Z
@iyus297,pernah ngerasain kayak gitu kerja di agensi desain skaligus penerbit wkwkwk kerja rodi tp gaji UMR lebih dikit. pusing bgt. Puji Tuhan skg dapat kerjaan yg lebih baik dan gaji lebih baik.,0,2026-03-27T11:22:08Z
@faesalrezi9259,"Kalau dibayar dengan manusiawi sih gpp menurut gw, tapi kan bayarannya ga manusiawi",0,2026-03-27T11:21:26Z
@asepmenggambar6916,Yang tetap mendukung 996 rata2 pengusaha atau bos2ny 😂,14,2026-03-27T11:20:40Z
@ariffw1896,"gua yang pernah kerja 18 jam sehari dengan upah 80k wkwkw, padahal itu di kota",0,2026-03-27T11:18:39Z
@AgusKuncoro-i4i,"Bodo amat.. di negara gw sendiri jam kerja normal pejabatnya pada anj semua.. 
Tapi yg nolak sistem 996 rata2 bahkan mungkin semuanya adalah pengusahanya sendiri.. bosnya sendiri.. efisiensi dan kesuksesan yg mereka singgung lebih ke ngejar kesuksesan pribadi dengan ngorbanin sekian juta karyawannya sih.. tiap negara punya masalahnya sendiri.. bener kata ortu dulu..
Urip iku sawang sinawang..  gemerlap yg kita lihat belum tentu sesuai dengan apa yg ada didalamnya..",0,2026-03-27T11:17:29Z
@fuadarief,Sistem kerja 996. Di cina ga ada apa2 nya di banding di tempat kerjaku sekarang.  Di korsel bang.   Aku mulai dari jm8 pagi campaign jm 10 mlm. Full. Satu bulan ga ada libur.. udah 4bulan. Ini yg di namakan kita kerja tapi kaya di kerjain.. 18😢😢,14,2026-03-27T11:17:04Z
@Afifudeen,"Gua kerja di pabrik China, setiap hari selalu Jiaban, 12 jam sehari bulan ini pun gak pernah Xiuxi, lebaran pun terus gas shangban 😂😂",0,2026-03-27T11:16:29Z
@tobingrikky2902,"sebenarnya kerja 996 itu lebih gampang diterapkan dengan cara
1.Kantor dijadiin rumah
2.upah dinaikin
3.dikasih makan

udh itu aj,apalagi yg point pertama, jadi selesai kerjaan utama,mereka bisa lebih santai di ruangan yg memang dibuat untuk istirahat atau santai, dan kalo mau merokok ada smoking room nya",1,2026-03-27T11:15:23Z
@soredimana,Gaji umr .. kerja 996.. kocak.. yang cepet kaya siapa?????,1,2026-03-27T11:14:50Z
@RizieqShihabKomandanFPI-212,Sistem kerja terbangsat di dunia ya gini kalo China mah gak heran mau di daratan atau di indo sama sama bangsat kalo jadi bos!,0,2026-03-27T11:13:02Z
@aeriskaize,"Sebenernya di Indonesia juga banyak pekerja yang seperti ini. Bukan karena kita""nurut-nurut"" aja disuruh lembur, tapi karena kita butuh ""lembur"" itu sendiri
jadi gimana nih bang koi??  :)",0,2026-03-27T11:12:02Z
@rastaray404,china yang katanya komunis malah jadi yang paling menyuburkan kapitalis. wkwkwk ironi,0,2026-03-27T11:11:26Z
@kkeyningrum1884,Pantes w kerja di majikan china tiap hari 12 jam terus😂😂😂 padahal dikontrak tertulis 8 jam kerja perhari😅,20,2026-03-27T11:11:23Z
@iwanfauzi4904,Lembur=lemah burung,0,2026-03-27T11:10:27Z
@MuhammadSaddam-h3c,Yang penting punya kerjaan dah..daripada nganggur gini 😩,0,2026-03-27T11:09:52Z
@SukaKonten56,CHINA WORK LIFE BALANCE APA ITU MAKANAN KAH😂😂😂😂,2,2026-03-27T11:09:15Z
@MuhammadRikza-r4s,"Sama bang kaya saya di Jepang lembur udah kaya kewajiban, tapi duitnya lumayan si",0,2026-03-27T11:08:19Z
@YayanHariangga-u5z,"gak ngapa-ngapain tp lembur, bener2 buang energi si",0,2026-03-27T11:07:31Z
@oktakhoerul,"Padahal di tempat kita juga masih banyak yang kek gini, terutama karyawan toko sama restoran. Ditambah dapet libur cuma 2 minggu sekali. Gajipun kadang dibawah UMR😢",0,2026-03-27T11:07:02Z
@florentinocendy3062,"Serius nanya, jika kita kerja 8 jam sehari dan gaji nya umr, apakah bisa di anggap sepadan ?",0,2026-03-27T11:05:44Z
@CatAbsurd,Tenaga diperas itu kek 996 kalok anda cuman kerja 9 jam doang dengan gaji gak seberapa ya gimana negara kita gak maju.beda sama Malaysia ataupun thailand.terus kerja keras itu gak melihat waktu dimana anda mau gak dititik terendah anda dalam bekerja dan anda mau gak di tempa hidup anda sampai anda sukses itu maksudnya kerja keras dan yang dapat kata sukses itu yang mau kerja keras sampai mental dan diri anda terjun kebawah.ya jika anda masih komplain soal jam kerja suka lembur dan gaji gitu-gitu aja coba ke China di pabrik tekstil sana udah murah dapat 996 lagi.dan kamu yang kerja disana juga jarang banget ada lembur kerja gak di itung kayak Indonesia tapi kalok anda sial pas kerja di China dapatnya lembur gak dihitung,0,2026-03-27T11:05:19Z
@OktaviaDian-e4r,lahh kami kerja 12 jam setiap hari dalam seminggu diperusahaan china yang ada diindonesia,0,2026-03-27T11:04:31Z
@nonvevie5368,"Kerja 72 jam seminggu.... itu mah perbudakan. 6 hari kerja 12 jam/hari....

Kalaupun mau 12 jam/hari... ya jangan setiap hari lah... asal gaji sesuai mah.",0,2026-03-27T11:04:12Z
@dyrroth2127,"7:48 
Squidward bola tenis moment",2,2026-03-27T11:03:18Z
@kikinabdurohim2110,"Ya minimal lembur seminggu 3x lahh, lumayan buat potong PPH 🤣🤣🤣🤣🤣",0,2026-03-27T11:02:38Z
@ZakkyLuqmana,Sebuah ironi dari sebuah negara yang dipimpin oleh partai yang salah satu tujuannya adalah melindungi hak kaum buruh.,0,2026-03-27T11:01:58Z
@skiphariest,Yang setuju 996 pastinya jomblo 🤣🤣🤣,2,2026-03-27T10:57:37Z
@rokuhara831,"di Indo juga ada koq bang , dan yah bahkan ada yg lebih sakit lagi dengan gak bayar upah lembur atau bahkan masuk kerja harus bayar dan banyak juga yg dicut gak lama habis masuk karena sistem kerja harian ,


tambahan :

perusahaan yg nuntut lembur banyak biasanya bayarannya gak sesuai atau bahkan gak dibayar karena  produktifitasnya gak sesuai  karena satu org kerjaannya bisa double atau lebih tapi ogah rekrut karyawan baru.ibaratnya loe cuman nambah uang setengah gaji tapi bisa dapet tenaga extra",0,2026-03-27T10:57:02Z
@naftalie335,saya yg kerja 14 jam sehari😄,0,2026-03-27T10:56:30Z
@dadanmr4794,"mungkin agak wajir sih, kalo itungan waktu dari jam 8 berarti sampe jam 5 kan? kyanya di indo juga aga aga sama bagi perusahaan yang agak gde,, cuman untuk hari sabtu ada yang set hari atau sama juga sampe jam 5,, yang penting gak 12 jam,, ya bisa istirahatlah 15 jam kan lumayan,, hehehe",0,2026-03-27T10:54:20Z
@fachrulwicaksana3718,"On jadi ini toh asal muasal jam kerja BUMC di Indonesia pada parah semua, ternyata di ""kantor pusat nya"" Juga bgitu",0,2026-03-27T10:54:18Z
@fianfamily-s2j,"Bahkan pemerintah china udah mencoba berbagai cara tapi nyampe sekarang belum berhasil. Lalu apa kabar pemerintah konoha yg bukannya disupport pemerintah, malah diperas terus dengan dalih pajak😭",0,2026-03-27T10:53:43Z
@BedesElekchanel,Pantes sampai indonesia yg ikut cina lembur di anggap loyalitas sama atasan 😅😅 giliran telat masuk potong gaji,0,2026-03-27T10:53:02Z
@tenout,"Di konoha udah dari dulu, mana masih ada yg gajinya di bawah UMR, apalagi di jakarta banyak banget model beginian om.",0,2026-03-27T10:52:43Z
@daniyalwiraa,me watching this after leaving work at 16:30:01 : 😮,0,2026-03-27T10:51:59Z
@rdhernesto8445,"Saya juga kerja 8 ke 8 seminggu, jam normal 8 jam doang, tapi untung ny kalo lembur jam nya hidup kali 2 per jam nya",0,2026-03-27T10:51:23Z
@sandyadhitama8459,"Di kota satelit Jakarta juga bang. Bekasi Karawang banyak buruh malah minta lembur, terutama yang udah sudah keluarga. Kalo ga lembur, gaji ga nutup cicilan + biaya hidup.",41,2026-03-27T10:51:18Z
@dannyputranugraha1443,Pulang kerja+lembur capek waktu libur boro boro  dipake liburan diem di rumah tidur 😭,0,2026-03-27T10:49:36Z
@michelinagooslan,Boleh nih bang bahas juga kenapa kerja di bidang hospitality khususnya chef di hotel selalu kerja diatas jam rata-rata sekitar 12-20 jam perhari. Penasaran banget bermula darimana jam kerja gila itu,1,2026-03-27T10:47:32Z
@Lunar-u1f,Sapa tau owner corporate tempat kerja liat konten ini 😂,0,2026-03-27T10:46:38Z
@dlwnrya,POV : Nunggu ending video enak untuk ngereog,0,2026-03-27T10:46:28Z
@raidaa16,Kaya pernah nonton video ini.. apa perasaan gw aja ya?,0,2026-03-27T10:46:01Z
@daudmaruli8721,Ya kalau diimbangi dengan bayaran yang sepantasnya ya bisa aja diterapkan sistem 996 tapi pada kenyataannya banyak yang punya perusahaan pada angkuh dengan anggapan bahwa masih banyak pekerja yang mau daftar sama perusahaan itu dan ya sukses dari mana kalau masih kerja di perusahaan kalau mau sukses ya usaha sendiri,1,2026-03-27T10:44:51Z
@Cya_z,bang knp bbm Indo ga naik?🤔,1,2026-03-27T10:43:49Z
@FauzanAdhim-w9d,kalau menurut ku sih kalau orang yang nolak ngilangin kerja 996 dia kan sukses sementara banya orang dengan usaha sama lainnya belum tentu dapat yang dapat paling banyak pasti bos nya,0,2026-03-27T10:43:33Z
@hirhack,Yg loyal dimanfatin wkwkw,0,2026-03-27T10:43:26Z
@nadiart-toys4192,yg dukung cuman pengusaha wkwkwkwk,1,2026-03-27T10:42:03Z
@renaldyhaen,"Daripada sistem 996, 
Aku lebih suka 99 susu bang.",2,2026-03-27T10:41:35Z
@Rahmatullah-ke5db,"Gw kadang lembur sampai jam 10-12 malam, Uda terbiasa bahkan hari Minggu juga lembur, lembur nganggur!",0,2026-03-27T10:41:13Z
@nayanika_ossan,"yang setuju karna mereka bayar para buruh,, ga mau rugi... kalo karyawan pasti ga setuju. ngapain kerja lama buat perusahaan orang lain",2,2026-03-27T10:40:20Z
@JajangLumajang-oy5pi,"bang qori, bahas ttg sistem ikigai dong",5,2026-03-27T10:39:25Z
@dapa_Fokt,gua kira 12jam kerja 6+1 itu normal soalny gua kerja di fnb gitu,2,2026-03-27T10:39:09Z
@MahklukBumi-o1u,"Mending mereka 12 jam duitnya bnyk,lah di Konoha 12 jam kadang gaji masih dibawah UMR",154,2026-03-27T10:38:47Z
@saifudinzuhri4269,Tolong bedakan kerja keras untuk bosmu dan kerja keras untuk usahamu sendiri,9,2026-03-27T10:38:32Z
@IlhamMaulanaY,bang koi bahas fenomena indomie yang mulai jadi makanan favorit di vietnam bang,6,2026-03-27T10:37:10Z
@SatyaAshilah,"Pabrik di kawasan industri cikarang, kalo owner pabriknya cina/taiwan juga nerapin kultur begini.

Bahkan banyak karyawan yang ""bayar"" (iykyk) cuma biar bisa lembur dan dapat uang tambahan.

Kalo pulang duluan meski kerjaan udah beres tuh salah banget.

Gaji kecil, tunjangan insentif kecil, banyak pungli, sistem bobrok.",12,2026-03-27T10:36:44Z
@Aufila,"hahaha, ngakak sih pas bang koi bilang bedain ""kerja keras"" sama ""tenaga diperas"" 😂😂 banyak banget pekerja Indonesia yang ngerasain ini",507,2026-03-27T10:36:29Z
@Kurnia_Aji1830,"Gua pernah hampir 8 bulan full kerja over time ga dibayar di sebuah pabrik otomotif di cikarang dengan harapan di angkat jadi karyawan tetap tapi hasilnya tetap habis kontrak juga 😂
Kontak kerja cuma 20bulan.",5,2026-03-27T10:35:05Z
@CiIndahSugiono-kf7se,996 tapi gaji berapa disana bang koi? Hehehe,1,2026-03-27T10:34:42Z
@nitarosdiana3086,"Untuk kesekian kalinya, nontonin sambil nyetrika .. 😄",2,2026-03-27T10:34:13Z
@FajarArfandi,"Gas, Ada notif. Untuk teman makan",1,2026-03-27T10:31:27Z
@nrkholis7684,"13:15 akal akalan owner yg bisa profit lebih😂😂, untung gede bayar ke karyawan kecil. kocakkk",130,2026-03-27T10:31:24Z
@Staytogether14,Amerika fokus perang,6,2026-03-27T10:30:25Z
@Ariesvirgoleo,Tuntutan pengeluaran d sana yg tinggi membuat harus kerja keras kdg Sampek Px 3-4 Kerjaan sehari,6,2026-03-27T10:29:25Z
@sitisaripah5910,"Dulu pernah kerja d pabrik 12 jam sehari, cape bgt.. serasa ga pernah bisa nikmati matahari",75,2026-03-27T10:28:35Z
@official12916,"Asia timur kerja sebegitu kerasnya dgn mental dan nyawa taruhannya, hasilnya bisa setara dgn barat, tapi ironisnya barat gak butuh sekeras itu untuk se level dengan asia timur

Menurut kalian kenapa bisa gtu guys ???",4,2026-03-27T10:28:19Z
@IoN-2Eight,yg protes yg udah nikmat sama hasil 996 😂😂,7,2026-03-27T10:25:55Z
@irfansuharta9842,"Yg setuju 996 pasti gak bakal kerja lembur tuh
Omon omon doang",85,2026-03-27T10:24:39Z
@AhmadAhmad-e7c5n,"Aku ikut kerja cina bg, luar biasa kerja nya",0,2026-03-27T10:24:08Z
@APAANKEK,jack ma kunyuk,2,2026-03-27T10:23:42Z
@haafizh959,"Semua budaya kerja jelek berasal dari cina, mulai dari kerja 6 hari sampai ini lagi lalu diterapkan di perusahaan cina di Indonesia.

Omong kosong ini karena pekerjanya workaholic. Semua berasal dari “kerja paksa” perusahaannya lalu mau gamau pekerja karena butuh maka bertahan.",1,2026-03-27T10:23:22Z
@arvinyahya-gg7jo,"lah di indo jg rata2 12 jam...

cuma beda jam.. total sama 12jam/hari
jam 7 pagi - 7 malam
yg gajih umk...

dan yg kerja jam 7-5..
datang jam 6.. jam 5 gk langsung pulang .. closing smpai pulang jam 6..
totalnya sama saja ,12 jam

semuanya jg dianggap normal..
dan lebih parahnya itu gk disebut LEMBUR apalagi minta bayaran LEMBUR...

kalau di indo dibilang lembur itu jam 7 pagi sampai jama 10 malam...
extra 3 jam .",19,2026-03-27T10:21:02Z
@aisraoktavia,"yah elahhh baru ge kelar makan, ni video br upload😂
td jg makan nntn video” lawas bang koi😂",5,2026-03-27T10:19:33Z
@cahkidal15,anak pariwisata: First Time?,1,2026-03-27T10:18:38Z
@endisuhaendi2411,Gak apa² sebanding dgn gaji nya.klo di Konoha kerja jam segitu gk sebanding.dgn gaji nya.,10,2026-03-27T10:18:32Z
@ekoisme,"Kalo kerjanya santai kaya di Eropa, Cina gak akan bisa menjadi kekuatan ekonomi dunia",25,2026-03-27T10:18:26Z
@fachrozyhaqi7814,11:56 hidup xi jinping ✊✊✊✊,16,2026-03-27T10:17:55Z
@mikaeely-xv7qw,yg kontra bos perusahaan semua XD,15,2026-03-27T10:17:54Z
@ZenoLife29,Salam bang saya Youtuber baru😊,1,2026-03-27T10:17:26Z
@rijalannafi3135,"Yg dukung rata"" Dari mereka yg jabatannya atas😂. Emang mereka kerja nya juga 996 kah.?",4,2026-03-27T10:17:16Z
@MA_Rifki,Bang bahas *Penutupan Selat Hormuz*,22,2026-03-27T10:15:11Z
@JehtBenben,"Kejatuhan pax americana
Kita sambut pax judaica dan pax  persiana menurut guru SMA Beijing.












Koko Jiang sensei😊",10,2026-03-27T10:11:54Z
@rifkysama9983,"Asia timur doyan kerja ya

Doain gw bang tanggal 30 sampe di Jepang lemburan banyak gpp dah yg penting dibayar 🤣🤣",1,2026-03-27T10:11:44Z
@haristnajmuddin7973,anjay 5 menit lalu,2,2026-03-27T10:11:25Z
@N0name9999,Next bahas generasi rebahan yg sdh menjamur ke Cina jepang korsel.dll yg menolak diperbudak sistem lalu enggan nikah (versi terbalik dr vid ini),17,2026-03-27T10:11:09Z
@rabiatuladawiyahabdullahch2274,"Bang koi, Bahas tragedi 9/11, 
abang Gak pernah bahas",6,2026-03-27T10:07:37Z
@abdurobotics525,❤,2,2026-03-27T10:07:30Z
@ヤンディZYands,"996 kok bisa kerja hasilnya 72 jam per minggu

Itu gimana cara hitung nya ?",3,2026-03-27T10:07:19Z
@Kitatambahilmu,Indo banyak kesamaan.. loyalitas dianggap keharusan..,2,2026-03-27T10:06:54Z
@JohnyWeabooking,"Next bhs sjarah kimono yng trinspirasi dri hanfu. 

Dan sejarah jalur sutra.",102,2026-03-27T10:06:52Z
@nitapakarti9722,Akhirnya dibahas juga sama Kak Koi setelah request pas bahas gaokao kemarin. Thank you kak😊,2,2026-03-27T10:06:41Z
@JPselalu_HOKI777,"anjir kerja apaan 72jam ,jauh dari keluarga HOKI777",217,2026-03-27T10:06:38Z
@naugiavrilio,"996 ini sih adalah salah satu dari 3 macam kerja ekstra yang ada di Asia Timur, 2 lain nya ada gwarosa di Korsel (yang pernah dibahas juga di channel ini, mamamamarketing), sama di Jepang juga

Ada plus minus nya sih dari model kerja Asia Timur ini, di satu sisi efek ke negara jadi maju pesat, tapi disisi lain SDM nya meskipun mumpuni, tapi tetep ""kena"" juga, dari fisik maupun mental",198,2026-03-27T10:05:46Z
@Agiilibnumalik17,Kembalikan escape bang😅,5,2026-03-27T10:05:05Z
@FahrezaMuhammad-d3j,Bang Koi bahas dong persahabatan JFK dengan MacMillan,7,2026-03-27T10:04:35Z
@zain3x,"Bang Koi, podcast interview Raymon, gmn Indonesia bsa growth berdasar POV dia, dan apa yg gen Z bsa lakuin.
Klo bikin usaha ada brm macem case yg mungkin bsa jadi insight",15,2026-03-27T10:03:58Z
@AngelMoron-t6l,Akhirnya ngebahas budaya kerja di cungkwo juga,0,2026-03-27T10:03:32Z
@dar00_550,Wah,2,2026-03-27T10:03:05Z
@CuanQu-f6g,1 menit lalu,2,2026-03-27T10:02:43Z
@SerbaSerbiKristen,Ini yg bikin mereka maju. Ayo kita tiru. 😂😂😂😂,14,2026-03-27T10:02:31Z
@Rarez0811,Lumayan ada temen nyuci baju☺,321,2026-03-27T10:01:52Z
@ichsanadi1186,Seru nih,6,2026-03-27T10:01:52Z
@TediSaputra-z2h,Pertama,2,2026-03-27T10:01:47Z
@danishuqaelbinrudyrosmainy9418,🎉,2,2026-03-27T10:01:25Z
